Date,Predicted_Close
2010-05-27,46.996666
2010-05-28,47.000587
2010-06-01,47.020905
2010-06-02,47.054234
2010-06-03,47.09524
2010-06-04,47.136406
2010-06-07,47.167038
2010-06-08,47.177975
2010-06-09,47.167305
2010-06-10,47.13779
2010-06-11,47.10059
2010-06-14,47.070114
2010-06-15,47.055187
2010-06-16,47.059544
2010-06-17,47.083897
2010-06-18,47.124878
2010-06-21,47.17501
2010-06-22,47.222607
2010-06-23,47.259533
2010-06-24,47.281666
2010-06-25,47.287865
2010-06-28,47.28015
2010-06-29,47.264168
2010-06-30,47.24053
2010-07-01,47.207283
2010-07-02,47.165455
2010-07-06,47.119164
2010-07-07,47.07578
2010-07-08,47.047203
2010-07-09,47.040443
2010-07-12,47.054188
2010-07-13,47.080173
2010-07-14,47.105103
2010-07-15,47.11944
2010-07-16,47.120266
2010-07-19,47.10946
2010-07-20,47.09031
2010-07-21,47.070633
2010-07-22,47.059143
2010-07-23,47.061634
2010-07-26,47.07844
2010-07-27,47.103798
2010-07-28,47.132114
2010-07-29,47.157177
2010-07-30,47.172554
2010-08-02,47.17567
2010-08-03,47.170757
2010-08-04,47.164288
2010-08-05,47.16114
2010-08-06,47.162598
2010-08-09,47.16622
2010-08-10,47.1697
2010-08-11,47.170544
2010-08-12,47.162838
2010-08-13,47.144863
2010-08-16,47.119427
2010-08-17,47.090836
2010-08-18,47.066475
2010-08-19,47.05272
2010-08-20,47.049618
2010-08-23,47.053204
2010-08-24,47.05712
2010-08-25,47.05365
2010-08-26,47.04124
2010-08-27,47.022717
2010-08-30,47.003162
2010-08-31,46.988365
2010-09-01,46.981792
2010-09-02,46.987034
2010-09-03,47.004982
2010-09-07,47.034637
2010-09-08,47.071228
2010-09-09,47.109634
2010-09-10,47.145317
2010-09-13,47.17423
2010-09-14,47.19598
2010-09-15,47.212276
2010-09-16,47.225563
2010-09-17,47.240417
2010-09-20,47.258385
2010-09-21,47.281
2010-09-22,47.307976
2010-09-23,47.337368
2010-09-24,47.366566
2010-09-27,47.393692
2010-09-28,47.416397
2010-09-29,47.430202
2010-09-30,47.433067
2010-10-01,47.42486
2010-10-04,47.40737
2010-10-05,47.383045
2010-10-06,47.36082
2010-10-07,47.349243
2010-10-08,47.35041
2010-10-11,47.363945
2010-10-12,47.38669
2010-10-13,47.414364
2010-10-14,47.442944
2010-10-15,47.46954
2010-10-18,47.498394
2010-10-19,47.534187
2010-10-20,47.57114
2010-10-21,47.60089
2010-10-22,47.617973
2010-10-25,47.6199
2010-10-26,47.60955
2010-10-27,47.592567
2010-10-28,47.57463
2010-10-29,47.55871
2010-11-01,47.54363
2010-11-02,47.52974
2010-11-03,47.521214
2010-11-04,47.5225
2010-11-05,47.536995
2010-11-08,47.562675
2010-11-09,47.593727
2010-11-10,47.622223
2010-11-11,47.642754
2010-11-12,47.653114
2010-11-15,47.649506
2010-11-16,47.631485
2010-11-17,47.60119
2010-11-18,47.563366
2010-11-19,47.529247
2010-11-22,47.507397
2010-11-23,47.503258
2010-11-24,47.514225
2010-11-26,47.535305
2010-11-29,47.56113
2010-11-30,47.586662
2010-12-01,47.605385
2010-12-02,47.61595
2010-12-03,47.621883
2010-12-06,47.626186
2010-12-07,47.631824
2010-12-08,47.63901
2010-12-09,47.647324
2010-12-10,47.655296
2010-12-13,47.66139
2010-12-14,47.665512
2010-12-15,47.667393
2010-12-16,47.66706
2010-12-17,47.66568
2010-12-20,47.66411
2010-12-21,47.663567
2010-12-22,47.665844
2010-12-23,47.671795
2010-12-27,47.679737
2010-12-28,47.687607
2010-12-29,47.694355
2010-12-30,47.699306
2010-12-31,47.70139
2011-01-03,47.699677
2011-01-04,47.698284
2011-01-05,47.702183
2011-01-06,47.714035
2011-01-07,47.732586
2011-01-10,47.75476
2011-01-11,47.779938
2011-01-12,47.806187
2011-01-13,47.83141
2011-01-14,47.8543
2011-01-18,47.874805
2011-01-19,47.888462
2011-01-20,47.89048
2011-01-21,47.87744
2011-01-24,47.847702
2011-01-25,47.811436
2011-01-26,47.783554
2011-01-27,47.773983
2011-01-28,47.78372
2011-01-31,47.802578
2011-02-01,47.82041
2011-02-02,47.83452
2011-02-03,47.84493
2011-02-04,47.851894
2011-02-07,47.857903
2011-02-08,47.867943
2011-02-09,47.885868
2011-02-10,47.912384
2011-02-11,47.94185
2011-02-14,47.968002
2011-02-15,47.98805
2011-02-16,48.00156
2011-02-17,48.0112
2011-02-18,48.017006
2011-02-22,48.014023
2011-02-23,47.99352
2011-02-24,47.956017
2011-02-25,47.910534
2011-02-28,47.87048
2011-03-01,47.84877
2011-03-02,47.84786
2011-03-03,47.863388
2011-03-04,47.89157
2011-03-07,47.926746
2011-03-08,47.959137
2011-03-09,47.98131
2011-03-10,47.989304
2011-03-11,47.980804
2011-03-14,47.961536
2011-03-15,47.94136
2011-03-16,47.923187
2011-03-17,47.89861
2011-03-18,47.864666
2011-03-21,47.82378
2011-03-22,47.785866
2011-03-23,47.762047
2011-03-24,47.755817
2011-03-25,47.767277
2011-03-28,47.79559
2011-03-29,47.83457
2011-03-30,47.87512
2011-03-31,47.90802
2011-04-01,47.927658
2011-04-04,47.931564
2011-04-05,47.920036
2011-04-06,47.896503
2011-04-07,47.8668
2011-04-08,47.83752
2011-04-11,47.812325
2011-04-12,47.79044
2011-04-13,47.771572
2011-04-14,47.75842
2011-04-15,47.750996
2011-04-18,47.74494
2011-04-19,47.739372
2011-04-20,47.73875
2011-04-21,47.748493
2011-04-25,47.773773
2011-04-26,47.81469
2011-04-27,47.86285
2011-04-28,47.90697
2011-04-29,47.93669
2011-05-02,47.949234
2011-05-03,47.94612
2011-05-04,47.93303
2011-05-05,47.918114
2011-05-06,47.905838
2011-05-09,47.89747
2011-05-10,47.893032
2011-05-11,47.89248
2011-05-12,47.893795
2011-05-13,47.89429
2011-05-16,47.889477
2011-05-17,47.873512
2011-05-18,47.847538
2011-05-19,47.81996
2011-05-20,47.799397
2011-05-23,47.787537
2011-05-24,47.781727
2011-05-25,47.777615
2011-05-26,47.7744
2011-05-27,47.77212
2011-05-31,47.771847
2011-06-01,47.78023
2011-06-02,47.79957
2011-06-03,47.82633
2011-06-06,47.853184
2011-06-07,47.870304
2011-06-08,47.869217
2011-06-09,47.849304
2011-06-10,47.817062
2011-06-13,47.779003
2011-06-14,47.742115
2011-06-15,47.71567
2011-06-16,47.701862
2011-06-17,47.69662
2011-06-20,47.6926
2011-06-21,47.681854
2011-06-22,47.667233
2011-06-23,47.65441
2011-06-24,47.651302
2011-06-27,47.65995
2011-06-28,47.679085
2011-06-29,47.70674
2011-06-30,47.737312
2011-07-01,47.765156
2011-07-05,47.79048
2011-07-06,47.817707
2011-07-07,47.849644
2011-07-08,47.887608
2011-07-11,47.930218
2011-07-12,47.96925
2011-07-13,47.996155
2011-07-14,48.009583
2011-07-15,48.012356
2011-07-18,48.01253
2011-07-19,48.021713
2011-07-20,48.046497
2011-07-21,48.08985
2011-07-22,48.147007
2011-07-25,48.20983
2011-07-26,48.271633
2011-07-27,48.328278
2011-07-28,48.36998
2011-07-29,48.38925
2011-08-01,48.385784
2011-08-02,48.368874
2011-08-03,48.345497
2011-08-04,48.3224
2011-08-05,48.296608
2011-08-08,48.262283
2011-08-09,48.2085
2011-08-10,48.144844
2011-08-11,48.084118
2011-08-12,48.04006
2011-08-15,48.023678
2011-08-16,48.038605
2011-08-17,48.07692
2011-08-18,48.123913
2011-08-19,48.157883
2011-08-22,48.159447
2011-08-23,48.12587
2011-08-24,48.078686
2011-08-25,48.043568
2011-08-26,48.033234
2011-08-29,48.052643
2011-08-30,48.099567
2011-08-31,48.16219
2011-09-01,48.221676
2011-09-02,48.260887
2011-09-06,48.269104
2011-09-07,48.250927
2011-09-08,48.222225
2011-09-09,48.19818
2011-09-12,48.183594
2011-09-13,48.178173
2011-09-14,48.18172
2011-09-15,48.194275
2011-09-16,48.215424
2011-09-19,48.246197
2011-09-20,48.290596
2011-09-21,48.347836
2011-09-22,48.40947
2011-09-23,48.458782
2011-09-26,48.48494
2011-09-27,48.486515
2011-09-28,48.467075
2011-09-29,48.43373
2011-09-30,48.392292
2011-10-03,48.34388
2011-10-04,48.287933
2011-10-05,48.226994
2011-10-06,48.170753
2011-10-07,48.12839
2011-10-10,48.100025
2011-10-11,48.09261
2011-10-12,48.11608
2011-10-13,48.169815
2011-10-14,48.245403
2011-10-17,48.33595
2011-10-18,48.429424
2011-10-19,48.51256
2011-10-20,48.562374
2011-10-21,48.56422
2011-10-24,48.521553
2011-10-25,48.458603
2011-10-26,48.397537
2011-10-27,48.35324
2011-10-28,48.334236
2011-10-31,48.339138
2011-11-01,48.359077
2011-11-02,48.3784
2011-11-03,48.38596
2011-11-04,48.382694
2011-11-07,48.37329
2011-11-08,48.362625
2011-11-09,48.358414
2011-11-10,48.358707
2011-11-11,48.35226
2011-11-14,48.33204
2011-11-15,48.29621
2011-11-16,48.255028
2011-11-17,48.219326
2011-11-18,48.19125
2011-11-21,48.1688
2011-11-22,48.1469
2011-11-23,48.12681
2011-11-25,48.107246
2011-11-28,48.08496
2011-11-29,48.067207
2011-11-30,48.06007
2011-12-01,48.068905
2011-12-02,48.097305
2011-12-05,48.142002
2011-12-06,48.19558
2011-12-07,48.247192
2011-12-08,48.286163
2011-12-09,48.308006
2011-12-12,48.31586
2011-12-13,48.314777
2011-12-14,48.307926
2011-12-15,48.293186
2011-12-16,48.269157
2011-12-19,48.239746
2011-12-20,48.21158
2011-12-21,48.19775
2011-12-22,48.20617
2011-12-23,48.23538
2011-12-27,48.27962
2011-12-28,48.331005
2011-12-29,48.378063
2011-12-30,48.41295
2012-01-03,48.43316
2012-01-04,48.443756
2012-01-05,48.452435
2012-01-06,48.466198
2012-01-09,48.48955
2012-01-10,48.520447
2012-01-11,48.553246
2012-01-12,48.58126
2012-01-13,48.598915
2012-01-17,48.60354
2012-01-18,48.59947
2012-01-19,48.595634
2012-01-20,48.59733
2012-01-23,48.60084
2012-01-24,48.604965
2012-01-25,48.605812
2012-01-26,48.615005
2012-01-27,48.64143
2012-01-30,48.684128
2012-01-31,48.738834
2012-02-01,48.79882
2012-02-02,48.854954
2012-02-03,48.898403
2012-02-06,48.927105
2012-02-07,48.945614
2012-02-08,48.96176
2012-02-09,48.984856
2012-02-10,49.027454
2012-02-13,49.091423
2012-02-14,49.1719
2012-02-15,49.261486
2012-02-16,49.341137
2012-02-17,49.397053
2012-02-21,49.425278
2012-02-22,49.437088
2012-02-23,49.444546
2012-02-24,49.45628
2012-02-27,49.47871
2012-02-28,49.513145
2012-02-29,49.560226
2012-03-01,49.619347
2012-03-02,49.685192
2012-03-05,49.749092
2012-03-06,49.794933
2012-03-07,49.81086
2012-03-08,49.79703
2012-03-09,49.76987
2012-03-12,49.748634
2012-03-13,49.748466
2012-03-14,49.78274
2012-03-15,49.86315
2012-03-16,49.979774
2012-03-19,50.107544
2012-03-20,50.22996
2012-03-21,50.337658
2012-03-22,50.42166
2012-03-23,50.475475
2012-03-26,50.497234
2012-03-27,50.498997
2012-03-28,50.49939
2012-03-29,50.511982
2012-03-30,50.534706
2012-04-02,50.552296
2012-04-03,50.565178
2012-04-04,50.584583
2012-04-05,50.613068
2012-04-09,50.65291
2012-04-10,50.703186
2012-04-11,50.752373
2012-04-12,50.78754
2012-04-13,50.799873
2012-04-16,50.777565
2012-04-17,50.70497
2012-04-18,50.605774
2012-04-19,50.512722
2012-04-20,50.435097
2012-04-23,50.36483
2012-04-24,50.294987
2012-04-25,50.21814
2012-04-26,50.166477
2012-04-27,50.165173
2012-04-30,50.212204
2012-05-01,50.277344
2012-05-02,50.328323
2012-05-03,50.34965
2012-05-04,50.338604
2012-05-07,50.293335
2012-05-08,50.225323
2012-05-09,50.15223
2012-05-10,50.09039
2012-05-11,50.05053
2012-05-14,50.032436
2012-05-15,50.02437
2012-05-16,50.012157
2012-05-17,49.98455
2012-05-18,49.930714
2012-05-21,49.85326
2012-05-22,49.785748
2012-05-23,49.75388
2012-05-24,49.772175
2012-05-25,49.833298
2012-05-29,49.91316
2012-05-30,49.99264
2012-05-31,50.06257
2012-06-01,50.117332
2012-06-04,50.144516
2012-06-05,50.1418
2012-06-06,50.11626
2012-06-07,50.084805
2012-06-08,50.06239
2012-06-11,50.06114
2012-06-12,50.077427
2012-06-13,50.103367
2012-06-14,50.128178
2012-06-15,50.142994
2012-06-18,50.146587
2012-06-19,50.149597
2012-06-20,50.162193
2012-06-21,50.18612
2012-06-22,50.211845
2012-06-25,50.232147
2012-06-26,50.236443
2012-06-27,50.221054
2012-06-28,50.192425
2012-06-29,50.157047
2012-07-02,50.13117
2012-07-03,50.131607
2012-07-05,50.16653
2012-07-06,50.236523
2012-07-09,50.326897
2012-07-10,50.42156
2012-07-11,50.50207
2012-07-12,50.55316
2012-07-13,50.56708
2012-07-16,50.55184
2012-07-17,50.5238
2012-07-18,50.497753
2012-07-19,50.482063
2012-07-20,50.48353
2012-07-23,50.495438
2012-07-24,50.50703
2012-07-25,50.50923
2012-07-26,50.482178
2012-07-27,50.419357
2012-07-30,50.338398
2012-07-31,50.268837
2012-08-01,50.241405
2012-08-02,50.264553
2012-08-03,50.32658
2012-08-06,50.410393
2012-08-07,50.500473
2012-08-08,50.581215
2012-08-09,50.640884
2012-08-10,50.677635
2012-08-13,50.6963
2012-08-14,50.70916
2012-08-15,50.726517
2012-08-16,50.75087
2012-08-17,50.78247
2012-08-20,50.825283
2012-08-21,50.888824
2012-08-22,50.96614
2012-08-23,51.05073
2012-08-24,51.12973
2012-08-27,51.191017
2012-08-28,51.236988
2012-08-29,51.272278
2012-08-30,51.299057
2012-08-31,51.311947
2012-09-04,51.30888
2012-09-05,51.29923
2012-09-06,51.28907
2012-09-07,51.28533
2012-09-10,51.294037
2012-09-11,51.303177
2012-09-12,51.299587
2012-09-13,51.284916
2012-09-14,51.27503
2012-09-17,51.287144
2012-09-18,51.3321
2012-09-19,51.407276
2012-09-20,51.49814
2012-09-21,51.583466
2012-09-24,51.647102
2012-09-25,51.67578
2012-09-26,51.65635
2012-09-27,51.586742
2012-09-28,51.493244
2012-10-01,51.39698
2012-10-02,51.30844
2012-10-03,51.23592
2012-10-04,51.190525
2012-10-05,51.172657
2012-10-08,51.16569
2012-10-09,51.145245
2012-10-10,51.09844
2012-10-11,51.032223
2012-10-12,50.95421
2012-10-15,50.87653
2012-10-16,50.81514
2012-10-17,50.789536
2012-10-18,50.80234
2012-10-19,50.83447
2012-10-22,50.84975
2012-10-23,50.84232
2012-10-24,50.80815
2012-10-25,50.753914
2012-10-26,50.68959
2012-10-31,50.62304
2012-11-01,50.5569
2012-11-02,50.49546
2012-11-05,50.431183
2012-11-06,50.365547
2012-11-07,50.30502
2012-11-08,50.241806
2012-11-09,50.15942
2012-11-12,50.06152
2012-11-13,49.961273
2012-11-14,49.87359
2012-11-15,49.8064
2012-11-16,49.754982
2012-11-19,49.714695
2012-11-20,49.70699
2012-11-21,49.74204
2012-11-23,49.81163
2012-11-26,49.903854
2012-11-27,50.01336
2012-11-28,50.126717
2012-11-29,50.225994
2012-11-30,50.30238
2012-12-03,50.351078
2012-12-04,50.37349
2012-12-05,50.36947
2012-12-06,50.31975
2012-12-07,50.225883
2012-12-10,50.09959
2012-12-11,49.959435
2012-12-12,49.83553
2012-12-13,49.74932
2012-12-14,49.70151
2012-12-17,49.670235
2012-12-18,49.641582
2012-12-19,49.621044
2012-12-20,49.611073
2012-12-21,49.607876
2012-12-24,49.606266
2012-12-26,49.603485
2012-12-27,49.5947
2012-12-28,49.579395
2012-12-31,49.557507
2013-01-02,49.545086
2013-01-03,49.56519
2013-01-04,49.620106
2013-01-07,49.68657
2013-01-08,49.737602
2013-01-09,49.758705
2013-01-10,49.744377
2013-01-11,49.70546
2013-01-14,49.657784
2013-01-15,49.60387
2013-01-16,49.536175
2013-01-17,49.466873
2013-01-18,49.41004
2013-01-22,49.37146
2013-01-23,49.354374
2013-01-24,49.362507
2013-01-25,49.35422
2013-01-28,49.29039
2013-01-29,49.17396
2013-01-30,49.038136
2013-01-31,48.9192
2013-02-01,48.84063
2013-02-04,48.807983
2013-02-05,48.805702
2013-02-06,48.822266
2013-02-07,48.848537
2013-02-08,48.8837
2013-02-11,48.931473
2013-02-12,48.992973
2013-02-13,49.055614
2013-02-14,49.104362
2013-02-15,49.13074
2013-02-19,49.13038
2013-02-20,49.106808
2013-02-21,49.063446
2013-02-22,49.006195
2013-02-25,48.948067
2013-02-26,48.896557
2013-02-27,48.858852
2013-02-28,48.836357
2013-03-01,48.82397
2013-03-04,48.809807
2013-03-05,48.780334
2013-03-06,48.739193
2013-03-07,48.69513
2013-03-08,48.65933
2013-03-11,48.640755
2013-03-12,48.64471
2013-03-13,48.66342
2013-03-14,48.684418
2013-03-15,48.70111
2013-03-18,48.717823
2013-03-19,48.746384
2013-03-20,48.790913
2013-03-21,48.844486
2013-03-22,48.89636
2013-03-25,48.94241
2013-03-26,48.981762
2013-03-27,49.011925
2013-03-28,49.02593
2013-04-01,49.01532
2013-04-02,48.972267
2013-04-03,48.90158
2013-04-04,48.820168
2013-04-05,48.74412
2013-04-08,48.68236
2013-04-09,48.640423
2013-04-10,48.6195
2013-04-11,48.62091
2013-04-12,48.640697
2013-04-15,48.667603
2013-04-16,48.68525
2013-04-17,48.687935
2013-04-18,48.6654
2013-04-19,48.609493
2013-04-22,48.526535
2013-04-23,48.438236
2013-04-24,48.370934
2013-04-25,48.33945
2013-04-26,48.3452
2013-04-29,48.383232
2013-04-30,48.448326
2013-05-01,48.536236
2013-05-02,48.633938
2013-05-03,48.72805
2013-05-06,48.810368
2013-05-07,48.881596
2013-05-08,48.941856
2013-05-09,48.99219
2013-05-10,49.03051
2013-05-13,49.051853
2013-05-14,49.055702
2013-05-15,49.03935
2013-05-16,48.995697
2013-05-17,48.930866
2013-05-20,48.85909
2013-05-21,48.80045
2013-05-22,48.766888
2013-05-23,48.76004
2013-05-24,48.77428
2013-05-28,48.801098
2013-05-29,48.82905
2013-05-30,48.851166
2013-05-31,48.869316
2013-06-03,48.885647
2013-06-04,48.90135
2013-06-05,48.91561
2013-06-06,48.92418
2013-06-07,48.920284
2013-06-10,48.903965
2013-06-11,48.878857
2013-06-12,48.849735
2013-06-13,48.81897
2013-06-14,48.7913
2013-06-17,48.7678
2013-06-18,48.74913
2013-06-19,48.736057
2013-06-20,48.723244
2013-06-21,48.703033
2013-06-24,48.671608
2013-06-25,48.625526
2013-06-26,48.568268
2013-06-27,48.50703
2013-06-28,48.44811
2013-07-01,48.399387
2013-07-02,48.37396
2013-07-03,48.383026
2013-07-05,48.426292
2013-07-08,48.48967
2013-07-09,48.552948
2013-07-10,48.60446
2013-07-11,48.639072
2013-07-12,48.660545
2013-07-15,48.675087
2013-07-16,48.6874
2013-07-17,48.70128
2013-07-18,48.71728
2013-07-19,48.733982
2013-07-22,48.744812
2013-07-23,48.74563
2013-07-24,48.73277
2013-07-25,48.719803
2013-07-26,48.719624
2013-07-29,48.73663
2013-07-30,48.77167
2013-07-31,48.821957
2013-08-01,48.878513
2013-08-02,48.932564
2013-08-05,48.980633
2013-08-06,49.02477
2013-08-07,49.063446
2013-08-08,49.093273
2013-08-09,49.111732
2013-08-12,49.114487
2013-08-13,49.10902
2013-08-14,49.11847
2013-08-15,49.161484
2013-08-16,49.237514
2013-08-19,49.333534
2013-08-20,49.433487
2013-08-21,49.516956
2013-08-22,49.570564
2013-08-23,49.592495
2013-08-26,49.588326
2013-08-27,49.569546
2013-08-28,49.538933
2013-08-29,49.500526
2013-08-30,49.461372
2013-09-03,49.424763
2013-09-04,49.393574
2013-09-05,49.376328
2013-09-06,49.37537
2013-09-09,49.388638
2013-09-10,49.41595
2013-09-11,49.446358
2013-09-12,49.45147
2013-09-13,49.419086
2013-09-16,49.352047
2013-09-17,49.256058
2013-09-18,49.149452
2013-09-19,49.05985
2013-09-20,49.01062
2013-09-23,49.005394
2013-09-24,49.046463
2013-09-25,49.123768
2013-09-26,49.21121
2013-09-27,49.28699
2013-09-30,49.33697
2013-10-01,49.353683
2013-10-02,49.34774
2013-10-03,49.336037
2013-10-04,49.32685
2013-10-07,49.322224
2013-10-08,49.32396
2013-10-09,49.327026
2013-10-10,49.32923
2013-10-11,49.33257
2013-10-14,49.340412
2013-10-15,49.355965
2013-10-16,49.38041
2013-10-17,49.412403
2013-10-18,49.449516
2013-10-21,49.489803
2013-10-22,49.53728
2013-10-23,49.590958
2013-10-24,49.64755
2013-10-25,49.705887
2013-10-28,49.75836
2013-10-29,49.799458
2013-10-30,49.818645
2013-10-31,49.816563
2013-11-01,49.79996
2013-11-04,49.775295
2013-11-05,49.753464
2013-11-06,49.741444
2013-11-07,49.739376
2013-11-08,49.73846
2013-11-11,49.736183
2013-11-12,49.732605
2013-11-13,49.72884
2013-11-14,49.726868
2013-11-15,49.732582
2013-11-18,49.74662
2013-11-19,49.761192
2013-11-20,49.76969
2013-11-21,49.766663
2013-11-22,49.75538
2013-11-25,49.74155
2013-11-26,49.732365
2013-11-27,49.73829
2013-11-29,49.770695
2013-12-02,49.83569
2013-12-03,49.92231
2013-12-04,50.020733
2013-12-05,50.118042
2013-12-06,50.20229
2013-12-09,50.26049
2013-12-10,50.291077
2013-12-11,50.29967
2013-12-12,50.291737
2013-12-13,50.27339
2013-12-16,50.247078
2013-12-17,50.21775
2013-12-18,50.189274
2013-12-19,50.161575
2013-12-20,50.13089
2013-12-23,50.099373
2013-12-24,50.085472
2013-12-26,50.09931
2013-12-27,50.13527
2013-12-30,50.178226
2013-12-31,50.209972
2014-01-02,50.22425
2014-01-03,50.218235
2014-01-06,50.187214
2014-01-07,50.137074
2014-01-08,50.07795
2014-01-09,50.023186
2014-01-10,49.978767
2014-01-13,49.94381
2014-01-14,49.918118
2014-01-15,49.9081
2014-01-16,49.923573
2014-01-17,49.96306
2014-01-21,50.00732
2014-01-22,50.043613
2014-01-23,50.068348
2014-01-24,50.085167
2014-01-27,50.09239
2014-01-28,50.091892
2014-01-29,50.05921
2014-01-30,49.977444
2014-01-31,49.854362
2014-02-03,49.71471
2014-02-04,49.587765
2014-02-05,49.499893
2014-02-06,49.46477
2014-02-07,49.48009
2014-02-10,49.53446
2014-02-11,49.614746
2014-02-12,49.708508
2014-02-13,49.801582
2014-02-14,49.886692
2014-02-18,49.95894
2014-02-19,50.015965
2014-02-20,50.051666
2014-02-21,50.059494
2014-02-24,50.03691
2014-02-25,49.99183
2014-02-26,49.934395
2014-02-27,49.872776
2014-02-28,49.82189
2014-03-03,49.791588
2014-03-04,49.78397
2014-03-05,49.796886
2014-03-06,49.824005
2014-03-07,49.855507
2014-03-10,49.882397
2014-03-11,49.899914
2014-03-12,49.910854
2014-03-13,49.919914
2014-03-14,49.926037
2014-03-17,49.923573
2014-03-18,49.911377
2014-03-19,49.89547
2014-03-20,49.882187
2014-03-21,49.87352
2014-03-24,49.871834
2014-03-25,49.88152
2014-03-26,49.90638
2014-03-27,49.940735
2014-03-28,49.973633
2014-03-31,49.99615
2014-04-01,50.004486
2014-04-02,50.003353
2014-04-03,50.000122
2014-04-04,49.99756
2014-04-07,49.99153
2014-04-08,49.97354
2014-04-09,49.940937
2014-04-10,49.902832
2014-04-11,49.865795
2014-04-14,49.831825
2014-04-15,49.803925
2014-04-16,49.781963
2014-04-17,49.76551
2014-04-21,49.758133
2014-04-22,49.76546
2014-04-23,49.78826
2014-04-24,49.817024
2014-04-25,49.869
2014-04-28,49.95729
2014-04-29,50.089085
2014-04-30,50.25201
2014-05-01,50.416992
2014-05-02,50.555782
2014-05-05,50.650963
2014-05-06,50.70447
2014-05-07,50.72307
2014-05-08,50.715855
2014-05-09,50.69346
2014-05-12,50.66419
2014-05-13,50.639446
2014-05-14,50.62705
2014-05-15,50.628124
2014-05-16,50.63548
2014-05-19,50.647186
2014-05-20,50.666996
2014-05-21,50.69556
2014-05-22,50.730488
2014-05-23,50.767483
2014-05-27,50.805958
2014-05-28,50.852013
2014-05-29,50.905453
2014-05-30,50.967922
2014-06-02,51.03436
2014-06-03,51.092445
2014-06-04,51.138405
2014-06-05,51.17713
2014-06-06,51.214184
2014-06-09,51.249935
2014-06-10,51.288994
2014-06-11,51.33485
2014-06-12,51.383095
2014-06-13,51.418552
2014-06-16,51.425743
2014-06-17,51.405735
2014-06-18,51.368675
2014-06-19,51.327927
2014-06-20,51.293243
2014-06-23,51.265102
2014-06-24,51.24128
2014-06-25,51.21749
2014-06-26,51.1922
2014-06-27,51.169495
2014-06-30,51.158966
2014-07-01,51.170135
2014-07-02,51.206448
2014-07-03,51.261417
2014-07-07,51.32522
2014-07-08,51.396004
2014-07-09,51.46644
2014-07-10,51.52742
2014-07-11,51.57082
2014-07-14,51.594254
2014-07-15,51.606567
2014-07-16,51.61115
2014-07-17,51.60696
2014-07-18,51.586185
2014-07-21,51.553528
2014-07-22,51.516212
2014-07-23,51.485016
2014-07-24,51.479755
2014-07-25,51.507847
2014-07-28,51.565456
2014-07-29,51.64603
2014-07-30,51.73312
2014-07-31,51.807983
2014-08-01,51.84561
2014-08-04,51.838562
2014-08-05,51.793713
2014-08-06,51.72541
2014-08-07,51.6511
2014-08-08,51.586193
2014-08-11,51.541435
2014-08-12,51.526016
2014-08-13,51.53936
2014-08-14,51.578506
2014-08-15,51.635624
2014-08-18,51.700966
2014-08-19,51.769848
2014-08-20,51.843613
2014-08-21,51.919933
2014-08-22,51.99233
2014-08-25,52.057083
2014-08-26,52.111877
2014-08-27,52.1512
2014-08-28,52.178455
2014-08-29,52.19907
2014-09-02,52.217686
2014-09-03,52.240265
2014-09-04,52.24602
2014-09-05,52.21588
2014-09-08,52.15304
2014-09-09,52.070408
2014-09-10,51.983715
2014-09-11,51.923325
2014-09-12,51.909657
2014-09-15,51.944107
2014-09-16,52.0119
2014-09-17,52.086773
2014-09-18,52.14953
2014-09-19,52.191322
2014-09-22,52.207363
2014-09-23,52.201096
2014-09-24,52.189533
2014-09-25,52.182323
2014-09-26,52.162704
2014-09-29,52.13356
2014-09-30,52.101025
2014-10-01,52.07384
2014-10-02,52.050346
2014-10-03,52.03131
2014-10-06,52.01674
2014-10-07,52.006046
2014-10-08,51.994354
2014-10-09,51.9892
2014-10-10,51.99791
2014-10-13,52.019592
2014-10-14,52.04386
2014-10-15,52.055584
2014-10-16,52.040924
2014-10-17,51.991947
2014-10-20,51.9222
2014-10-21,51.86259
2014-10-22,51.848946
2014-10-23,51.89687
2014-10-24,52.00516
2014-10-27,52.15396
2014-10-28,52.31104
2014-10-29,52.45402
2014-10-30,52.571125
2014-10-31,52.6554
2014-11-03,52.711933
2014-11-04,52.756386
2014-11-05,52.795677
2014-11-06,52.831818
2014-11-07,52.865044
2014-11-10,52.894875
2014-11-11,52.918655
2014-11-12,52.93867
2014-11-13,52.965088
2014-11-14,53.01082
2014-11-17,53.084766
2014-11-18,53.180737
2014-11-19,53.290516
2014-11-20,53.396305
2014-11-21,53.489788
2014-11-24,53.566864
2014-11-25,53.636795
2014-11-26,53.700153
2014-11-28,53.76091
2014-12-01,53.8191
2014-12-02,53.850155
2014-12-03,53.836308
2014-12-04,53.785477
2014-12-05,53.71452
2014-12-08,53.639854
2014-12-09,53.561512
2014-12-10,53.49003
2014-12-11,53.423965
2014-12-12,53.36006
2014-12-15,53.289074
2014-12-16,53.201477
2014-12-17,53.09214
2014-12-18,52.983368
2014-12-19,52.916203
2014-12-22,52.90824
2014-12-23,52.95949
2014-12-24,53.0501
2014-12-26,53.148846
2014-12-29,53.239376
2014-12-30,53.312336
2014-12-31,53.35644
2015-01-02,53.357758
2015-01-05,53.31111
2015-01-06,53.211235
2015-01-07,53.071003
2015-01-08,52.924805
2015-01-09,52.826538
2015-01-12,52.806538
2015-01-13,52.847694
2015-01-14,52.92111
2015-01-15,52.99529
2015-01-16,53.031624
2015-01-20,53.00863
2015-01-21,52.946194
2015-01-22,52.880245
2015-01-23,52.85376
2015-01-26,52.889507
2015-01-27,52.982178
2015-01-28,53.085472
2015-01-29,53.188847
2015-01-30,53.307636
2015-02-02,53.437057
2015-02-03,53.570328
2015-02-04,53.69655
2015-02-05,53.80828
2015-02-06,53.90383
2015-02-09,53.976074
2015-02-10,54.02497
2015-02-11,54.066513
2015-02-12,54.127636
2015-02-13,54.227306
2015-02-17,54.36538
2015-02-18,54.527317
2015-02-19,54.69364
2015-02-20,54.84117
2015-02-23,54.958004
2015-02-24,55.059402
2015-02-25,55.153
2015-02-26,55.21986
2015-02-27,55.25522
2015-03-02,55.251965
2015-03-03,55.216396
2015-03-04,55.16427
2015-03-05,55.10739
2015-03-06,55.043507
2015-03-09,54.9741
2015-03-10,54.907944
2015-03-11,54.83906
2015-03-12,54.75265
2015-03-13,54.65884
2015-03-16,54.5695
2015-03-17,54.502884
2015-03-18,54.481323
2015-03-19,54.518223
2015-03-20,54.60066
2015-03-23,54.69406
2015-03-24,54.77473
2015-03-25,54.826763
2015-03-26,54.827515
2015-03-27,54.77843
2015-03-30,54.692417
2015-03-31,54.608185
2015-04-01,54.545994
2015-04-02,54.511307
2015-04-06,54.50633
2015-04-07,54.53649
2015-04-08,54.589222
2015-04-09,54.644455
2015-04-10,54.6916
2015-04-13,54.728855
2015-04-14,54.75594
2015-04-15,54.7711
2015-04-16,54.77752
2015-04-17,54.776024
2015-04-20,54.76022
2015-04-21,54.74444
2015-04-22,54.737556
2015-04-23,54.751453
2015-04-24,54.79459
2015-04-27,54.866356
2015-04-28,54.96854
2015-04-29,55.07985
2015-04-30,55.165524
2015-05-01,55.184486
2015-05-04,55.145664
2015-05-05,55.075985
2015-05-06,54.988
2015-05-07,54.890404
2015-05-08,54.79834
2015-05-11,54.737637
2015-05-12,54.714043
2015-05-13,54.71801
2015-05-14,54.736156
2015-05-15,54.772507
2015-05-18,54.826363
2015-05-19,54.898495
2015-05-20,54.982323
2015-05-21,55.06625
2015-05-22,55.146084
2015-05-26,55.224125
2015-05-27,55.282993
2015-05-28,55.323593
2015-05-29,55.350044
2015-06-01,55.358067
2015-06-02,55.34854
2015-06-03,55.32344
2015-06-04,55.28918
2015-06-05,55.249374
2015-06-08,55.20459
2015-06-09,55.15288
2015-06-10,55.0944
2015-06-11,55.042007
2015-06-12,55.00518
2015-06-15,54.979496
2015-06-16,54.95757
2015-06-17,54.938675
2015-06-18,54.922195
2015-06-19,54.9115
2015-06-22,54.901672
2015-06-23,54.894405
2015-06-24,54.88863
2015-06-25,54.889194
2015-06-26,54.8954
2015-06-29,54.900146
2015-06-30,54.885868
2015-07-01,54.850044
2015-07-02,54.806786
2015-07-06,54.770084
2015-07-07,54.74625
2015-07-08,54.734447
2015-07-09,54.71343
2015-07-10,54.655975
2015-07-13,54.573494
2015-07-14,54.502243
2015-07-15,54.46886
2015-07-16,54.488037
2015-07-17,54.563896
2015-07-20,54.687504
2015-07-21,54.848957
2015-07-22,55.01955
2015-07-23,55.138012
2015-07-24,55.167362
2015-07-27,55.103973
2015-07-28,54.964584
2015-07-29,54.789223
2015-07-30,54.61926
2015-07-31,54.482212
2015-08-03,54.384903
2015-08-04,54.307514
2015-08-05,54.211872
2015-08-06,54.085213
2015-08-07,53.939564
2015-08-10,53.800465
2015-08-11,53.714905
2015-08-12,53.673714
2015-08-13,53.663284
2015-08-14,53.669285
2015-08-17,53.68329
2015-08-18,53.706223
2015-08-19,53.73428
2015-08-20,53.754246
2015-08-21,53.744896
2015-08-24,53.66155
2015-08-25,53.47936
2015-08-26,53.22195
2015-08-27,52.973057
2015-08-28,52.82039
2015-08-31,52.804707
2015-09-01,52.91034
2015-09-02,53.059723
2015-09-03,53.202984
2015-09-04,53.30121
2015-09-08,53.332447
2015-09-09,53.318054
2015-09-10,53.278477
2015-09-11,53.245663
2015-09-14,53.249737
2015-09-15,53.304924
2015-09-16,53.407696
2015-09-17,53.537743
2015-09-18,53.653927
2015-09-21,53.722607
2015-09-22,53.74209
2015-09-23,53.717216
2015-09-24,53.667812
2015-09-25,53.61993
2015-09-28,53.58992
2015-09-29,53.570427
2015-09-30,53.532516
2015-10-01,53.467274
2015-10-02,53.378376
2015-10-05,53.283894
2015-10-06,53.20565
2015-10-07,53.160603
2015-10-08,53.15033
2015-10-09,53.159176
2015-10-12,53.184345
2015-10-13,53.219513
2015-10-14,53.25738
2015-10-15,53.283195
2015-10-16,53.29718
2015-10-19,53.300125
2015-10-20,53.298275
2015-10-21,53.308643
2015-10-22,53.339935
2015-10-23,53.39887
2015-10-26,53.4997
2015-10-27,53.617832
2015-10-28,53.717537
2015-10-29,53.800873
2015-10-30,53.882347
2015-11-02,53.963383
2015-11-03,54.048035
2015-11-04,54.141903
2015-11-05,54.238346
2015-11-06,54.322414
2015-11-09,54.382645
2015-11-10,54.411873
2015-11-11,54.390236
2015-11-12,54.31161
2015-11-13,54.188663
2015-11-16,54.028526
2015-11-17,53.860203
2015-11-18,53.711926
2015-11-19,53.62232
2015-11-20,53.61619
2015-11-23,53.690804
2015-11-24,53.810715
2015-11-25,53.940033
2015-11-27,54.045235
2015-11-30,54.10614
2015-12-01,54.123253
2015-12-02,54.104282
2015-12-03,54.05784
2015-12-04,53.991093
2015-12-07,53.936172
2015-12-08,53.91201
2015-12-09,53.920902
2015-12-10,53.939373
2015-12-11,53.94859
2015-12-14,53.923584
2015-12-15,53.853214
2015-12-16,53.736412
2015-12-17,53.59503
2015-12-18,53.44586
2015-12-21,53.290703
2015-12-22,53.144066
2015-12-23,53.021706
2015-12-24,52.941082
2015-12-28,52.905205
2015-12-29,52.899136
2015-12-30,52.91558
2015-12-31,52.93933
2016-01-04,52.946434
2016-01-05,52.925716
2016-01-06,52.86659
2016-01-07,52.763493
2016-01-08,52.606716
2016-01-11,52.41198
2016-01-12,52.219933
2016-01-13,52.075138
2016-01-14,51.98819
2016-01-15,51.96166
2016-01-19,51.972565
2016-01-20,51.991005
2016-01-21,51.997574
2016-01-22,51.983402
2016-01-25,51.97788
2016-01-26,51.99531
2016-01-27,52.037613
2016-01-28,52.06302
2016-01-29,52.043
2016-02-01,51.992115
2016-02-02,51.93121
2016-02-03,51.868507
2016-02-04,51.819958
2016-02-05,51.800117
2016-02-08,51.798306
2016-02-09,51.804375
2016-02-10,51.811142
2016-02-11,51.81053
2016-02-12,51.79673
2016-02-16,51.77221
2016-02-17,51.75756
2016-02-18,51.775055
2016-02-19,51.820515
2016-02-22,51.87666
2016-02-23,51.930264
2016-02-24,51.96068
2016-02-25,51.96471
2016-02-26,51.953556
2016-02-29,51.94087
2016-03-01,51.93503
2016-03-02,51.958523
2016-03-03,52.021305
2016-03-04,52.11829
2016-03-07,52.23967
2016-03-08,52.36144
2016-03-09,52.455784
2016-03-10,52.50747
2016-03-11,52.51684
2016-03-14,52.501324
2016-03-15,52.481777
2016-03-16,52.48331
2016-03-17,52.52398
2016-03-18,52.601093
2016-03-21,52.697636
2016-03-22,52.791653
2016-03-23,52.869293
2016-03-24,52.920586
2016-03-28,52.941
2016-03-29,52.93211
2016-03-30,52.91589
2016-03-31,52.92146
2016-04-01,52.95869
2016-04-04,53.02609
2016-04-05,53.116833
2016-04-06,53.20889
2016-04-07,53.287514
2016-04-08,53.331543
2016-04-11,53.332825
2016-04-12,53.300453
2016-04-13,53.25922
2016-04-14,53.239082
2016-04-15,53.255074
2016-04-18,53.29208
2016-04-19,53.315876
2016-04-20,53.300987
2016-04-21,53.244232
2016-04-22,53.153515
2016-04-25,53.04602
2016-04-26,52.939606
2016-04-27,52.845905
2016-04-28,52.737427
2016-04-29,52.58299
2016-05-02,52.376392
2016-05-03,52.140167
2016-05-04,51.91976
2016-05-05,51.749184
2016-05-06,51.64227
2016-05-09,51.593044
2016-05-10,51.584984
2016-05-11,51.601913
2016-05-12,51.624397
2016-05-13,51.627728
2016-05-16,51.60226
2016-05-17,51.571278
2016-05-18,51.556347
2016-05-19,51.572174
2016-05-20,51.6175
2016-05-23,51.684547
2016-05-24,51.7659
2016-05-25,51.857628
2016-05-26,51.960506
2016-05-27,52.072865
2016-05-31,52.1854
2016-06-01,52.28293
2016-06-02,52.34612
2016-06-03,52.36264
2016-06-06,52.336597
2016-06-07,52.28736
2016-06-08,52.238342
2016-06-09,52.205456
2016-06-10,52.198055
2016-06-13,52.21064
2016-06-14,52.22382
2016-06-15,52.223316
2016-06-16,52.203285
2016-06-17,52.169384
2016-06-20,52.120567
2016-06-21,52.059277
2016-06-22,51.998074
2016-06-23,51.94724
2016-06-24,51.915306
2016-06-27,51.890568
2016-06-28,51.854393
2016-06-29,51.80736
2016-06-30,51.76284
2016-07-01,51.7391
2016-07-05,51.746616
2016-07-06,51.778423
2016-07-07,51.82312
2016-07-08,51.870605
2016-07-11,51.91603
2016-07-12,51.957584
2016-07-13,51.996002
2016-07-14,52.028233
2016-07-15,52.06137
2016-07-18,52.099884
2016-07-19,52.14771
2016-07-20,52.20301
2016-07-21,52.259254
2016-07-22,52.30576
2016-07-25,52.33086
2016-07-26,52.32371
2016-07-27,52.28168
2016-07-28,52.247555
2016-07-29,52.262936
2016-08-01,52.339085
2016-08-02,52.470123
2016-08-03,52.62279
2016-08-04,52.766212
2016-08-05,52.881523
2016-08-08,52.968765
2016-08-09,53.038483
2016-08-10,53.101498
2016-08-11,53.15789
2016-08-12,53.20325
2016-08-15,53.23495
2016-08-16,53.259453
2016-08-17,53.281544
2016-08-18,53.301723
2016-08-19,53.31797
2016-08-22,53.32991
2016-08-23,53.33309
2016-08-24,53.32748
2016-08-25,53.311523
2016-08-26,53.28424
2016-08-29,53.245464
2016-08-30,53.198814
2016-08-31,53.14654
2016-09-01,53.093933
2016-09-02,53.050808
2016-09-06,53.029316
2016-09-07,53.033382
2016-09-08,53.061768
2016-09-09,53.09091
2016-09-12,53.087948
2016-09-13,53.05181
2016-09-14,53.01088
2016-09-15,53.011166
2016-09-16,53.095455
2016-09-19,53.263203
2016-09-20,53.4725
2016-09-21,53.671635
2016-09-22,53.82022
2016-09-23,53.905857
2016-09-26,53.92532
2016-09-27,53.892498
2016-09-28,53.832676
2016-09-29,53.775597
2016-09-30,53.731083
2016-10-03,53.704666
2016-10-04,53.692783
2016-10-05,53.69114
2016-10-06,53.69526
2016-10-07,53.70584
2016-10-10,53.72372
2016-10-11,53.758335
2016-10-12,53.8134
2016-10-13,53.888863
2016-10-14,53.974163
2016-10-17,54.058357
2016-10-18,54.130566
2016-10-19,54.18274
2016-10-20,54.210304
2016-10-21,54.21454
2016-10-24,54.199245
2016-10-25,54.17762
2016-10-26,54.164665
2016-10-27,54.152958
2016-10-28,54.127754
2016-10-31,54.07878
2016-11-01,54.00699
2016-11-02,53.9119
2016-11-03,53.80331
2016-11-04,53.6907
2016-11-07,53.580383
2016-11-08,53.48937
2016-11-09,53.433723
2016-11-10,53.41689
2016-11-11,53.414303
2016-11-14,53.40713
2016-11-15,53.372307
2016-11-16,53.310875
2016-11-17,53.25356
2016-11-18,53.225853
2016-11-21,53.237606
2016-11-22,53.29231
2016-11-23,53.379406
2016-11-25,53.47551
2016-11-28,53.561066
2016-11-29,53.622345
2016-11-30,53.654015
2016-12-01,53.65431
2016-12-02,53.62376
2016-12-05,53.57336
2016-12-06,53.513565
2016-12-07,53.459538
2016-12-08,53.42826
2016-12-09,53.432476
2016-12-12,53.481205
2016-12-13,53.563763
2016-12-14,53.66951
2016-12-15,53.78264
2016-12-16,53.88933
2016-12-19,53.97925
2016-12-20,54.049984
2016-12-21,54.10398
2016-12-22,54.144917
2016-12-23,54.171253
2016-12-27,54.183735
2016-12-28,54.189285
2016-12-29,54.190937
2016-12-30,54.18995
2017-01-03,54.181988
2017-01-04,54.166943
2017-01-05,54.146973
2017-01-06,54.12896
2017-01-09,54.125717
2017-01-10,54.149
2017-01-11,54.19951
2017-01-12,54.271065
2017-01-13,54.348076
2017-01-17,54.41342
2017-01-18,54.461567
2017-01-19,54.49265
2017-01-20,54.50865
2017-01-23,54.51477
2017-01-24,54.516716
2017-01-25,54.51778
2017-01-26,54.530216
2017-01-27,54.559944
2017-01-30,54.604004
2017-01-31,54.65205
2017-02-01,54.69173
2017-02-02,54.75768
2017-02-03,54.86911
2017-02-06,55.02278
2017-02-07,55.204155
2017-02-08,55.395065
2017-02-09,55.575798
2017-02-10,55.733376
2017-02-13,55.85684
2017-02-14,55.948048
2017-02-15,56.022713
2017-02-16,56.09491
2017-02-17,56.168377
2017-02-21,56.241352
2017-02-22,56.31352
2017-02-23,56.383472
2017-02-24,56.44354
2017-02-27,56.487804
2017-02-28,56.515602
2017-03-01,56.52967
2017-03-02,56.55075
2017-03-03,56.586685
2017-03-06,56.63974
2017-03-07,56.701443
2017-03-08,56.760857
2017-03-09,56.805397
2017-03-10,56.82621
2017-03-13,56.82527
2017-03-14,56.81046
2017-03-15,56.78972
2017-03-16,56.778557
2017-03-17,56.787094
2017-03-20,56.81151
2017-03-21,56.85125
2017-03-22,56.891663
2017-03-23,56.928925
2017-03-24,56.958576
2017-03-27,56.976448
2017-03-28,56.983322
2017-03-29,56.999775
2017-03-30,57.04042
2017-03-31,57.104904
2017-04-03,57.180843
2017-04-04,57.252853
2017-04-05,57.314808
2017-04-06,57.35926
2017-04-07,57.381023
2017-04-10,57.379177
2017-04-11,57.357693
2017-04-12,57.315453
2017-04-13,57.258007
2017-04-17,57.19085
2017-04-18,57.126778
2017-04-19,57.0731
2017-04-20,57.030376
2017-04-21,57.008114
2017-04-24,57.00913
2017-04-25,57.037434
2017-04-26,57.094112
2017-04-27,57.16589
2017-04-28,57.23694
2017-05-01,57.293526
2017-05-02,57.345787
2017-05-03,57.407944
2017-05-04,57.481724
2017-05-05,57.55717
2017-05-08,57.636745
2017-05-09,57.74331
2017-05-10,57.889156
2017-05-11,58.060917
2017-05-12,58.24108
2017-05-15,58.421116
2017-05-16,58.586613
2017-05-17,58.722023
2017-05-18,58.785908
2017-05-19,58.77438
2017-05-22,58.709743
2017-05-23,58.62885
2017-05-24,58.562153
2017-05-25,58.523945
2017-05-26,58.518753
2017-05-30,58.53875
2017-05-31,58.570953
2017-06-01,58.596504
2017-06-02,58.606064
2017-06-05,58.613247
2017-06-06,58.620464
2017-06-07,58.630478
2017-06-08,58.64971
2017-06-09,58.67702
2017-06-12,58.67007
2017-06-13,58.582367
2017-06-14,58.41296
2017-06-15,58.184753
2017-06-16,57.93424
2017-06-19,57.69044
2017-06-20,57.506554
2017-06-21,57.40479
2017-06-22,57.38545
2017-06-23,57.426525
2017-06-26,57.499897
2017-06-27,57.57423
2017-06-28,57.614746
2017-06-29,57.61912
2017-06-30,57.586792
2017-07-03,57.529865
2017-07-05,57.46279
2017-07-06,57.403366
2017-07-07,57.35556
2017-07-10,57.327793
2017-07-11,57.328045
2017-07-12,57.35806
2017-07-13,57.411545
2017-07-14,57.488777
2017-07-17,57.590336
2017-07-18,57.710175
2017-07-19,57.837803
2017-07-20,57.96463
2017-07-21,58.076103
2017-07-24,58.160145
2017-07-25,58.222557
2017-07-26,58.275017
2017-07-27,58.329296
2017-07-28,58.371708
2017-07-31,58.383457
2017-08-01,58.352867
2017-08-02,58.29173
2017-08-03,58.2656
2017-08-04,58.306015
2017-08-07,58.415535
2017-08-08,58.585957
2017-08-09,58.796917
2017-08-10,59.02166
2017-08-11,59.19859
2017-08-14,59.30024
2017-08-15,59.340973
2017-08-16,59.35844
2017-08-17,59.379417
2017-08-18,59.39685
2017-08-21,59.397964
2017-08-22,59.37464
2017-08-23,59.34546
2017-08-24,59.32982
2017-08-25,59.332874
2017-08-28,59.355015
2017-08-29,59.400593
2017-08-30,59.474636
2017-08-31,59.57332
2017-09-01,59.687134
2017-09-05,59.80105
2017-09-06,59.88689
2017-09-07,59.9263
2017-09-08,59.91348
2017-09-11,59.841667
2017-09-12,59.741646
2017-09-13,59.644814
2017-09-14,59.56616
2017-09-15,59.502583
2017-09-18,59.45909
2017-09-19,59.429176
2017-09-20,59.40602
2017-09-21,59.367664
2017-09-22,59.28613
2017-09-25,59.147106
2017-09-26,58.954758
2017-09-27,58.752987
2017-09-28,58.59401
2017-09-29,58.502457
2017-10-02,58.483532
2017-10-03,58.51975
2017-10-04,58.587517
2017-10-05,58.65513
2017-10-06,58.71175
2017-10-09,58.753937
2017-10-10,58.78621
2017-10-11,58.81411
2017-10-12,58.845287
2017-10-13,58.879055
2017-10-16,58.91793
2017-10-17,58.97962
2017-10-18,59.07328
2017-10-19,59.187366
2017-10-20,59.277924
2017-10-23,59.315434
2017-10-24,59.29281
2017-10-25,59.229397
2017-10-26,59.148796
2017-10-27,59.08031
2017-10-30,59.07995
2017-10-31,59.19399
2017-11-01,59.43312
2017-11-02,59.74603
2017-11-03,60.06945
2017-11-06,60.373775
2017-11-07,60.648155
2017-11-08,60.887585
2017-11-09,61.096462
2017-11-10,61.273777
2017-11-13,61.412735
2017-11-14,61.504852
2017-11-15,61.53247
2017-11-16,61.480175
2017-11-17,61.371452
2017-11-20,61.237026
2017-11-21,61.10732
2017-11-22,61.026367
2017-11-24,61.027164
2017-11-27,61.109478
2017-11-28,61.24006
2017-11-29,61.369984
2017-11-30,61.437374
2017-12-01,61.428093
2017-12-04,61.352535
2017-12-05,61.231113
2017-12-06,61.092903
2017-12-07,60.96249
2017-12-08,60.860207
2017-12-11,60.7962
2017-12-12,60.791447
2017-12-13,60.840847
2017-12-14,60.927273
2017-12-15,61.02619
2017-12-18,61.12612
2017-12-19,61.233776
2017-12-20,61.337677
2017-12-21,61.423386
2017-12-22,61.485844
2017-12-26,61.525463
2017-12-27,61.517178
2017-12-28,61.45263
2017-12-29,61.347248
2018-01-02,61.21549
2018-01-03,61.09851
2018-01-04,61.026985
2018-01-05,61.01648
2018-01-08,61.073975
2018-01-09,61.18013
2018-01-10,61.303528
2018-01-11,61.413807
2018-01-12,61.497025
2018-01-16,61.561504
2018-01-17,61.611416
2018-01-18,61.669422
2018-01-19,61.74878
2018-01-22,61.842716
2018-01-23,61.926758
2018-01-24,61.981464
2018-01-25,61.980484
2018-01-26,61.89796
2018-01-29,61.742085
2018-01-30,61.522217
2018-01-31,61.26205
2018-02-01,61.002026
2018-02-02,60.783245
2018-02-05,60.582325
2018-02-06,60.35366
2018-02-07,60.12653
2018-02-08,59.91673
2018-02-09,59.709694
2018-02-12,59.514416
2018-02-13,59.388573
2018-02-14,59.375908
2018-02-15,59.496925
2018-02-16,59.762764
2018-02-20,60.13203
2018-02-21,60.52998
2018-02-22,60.877415
2018-02-23,61.13055
2018-02-26,61.296883
2018-02-27,61.423935
2018-02-28,61.547043
2018-03-01,61.680107
2018-03-02,61.79868
2018-03-05,61.886745
2018-03-06,61.94148
2018-03-07,61.966713
2018-03-08,61.96001
2018-03-09,61.938763
2018-03-12,61.94065
2018-03-13,61.99786
2018-03-14,62.10236
2018-03-15,62.217384
2018-03-16,62.309036
2018-03-19,62.353107
2018-03-20,62.326176
2018-03-21,62.230057
2018-03-22,62.062172
2018-03-23,61.827175
2018-03-26,61.527496
2018-03-27,61.245773
2018-03-28,61.02237
2018-03-29,60.86083
2018-04-02,60.759674
2018-04-03,60.700413
2018-04-04,60.674423
2018-04-05,60.693676
2018-04-06,60.76636
2018-04-09,60.853493
2018-04-10,60.928616
2018-04-11,60.997677
2018-04-12,61.062733
2018-04-13,61.134583
2018-04-16,61.220898
2018-04-17,61.326435
2018-04-18,61.460987
2018-04-19,61.616493
2018-04-20,61.740826
2018-04-23,61.74994
2018-04-24,61.606712
2018-04-25,61.31525
2018-04-26,60.94164
2018-04-27,60.577446
2018-04-30,60.278316
2018-05-01,60.093872
2018-05-02,60.060436
2018-05-03,60.215115
2018-05-04,60.53397
2018-05-07,60.989773
2018-05-08,61.52579
2018-05-09,62.06969
2018-05-10,62.55903
2018-05-11,62.965546
2018-05-14,63.273357
2018-05-15,63.479816
2018-05-16,63.58607
2018-05-17,63.621197
2018-05-18,63.612198
2018-05-21,63.579945
2018-05-22,63.55072
2018-05-23,63.53796
2018-05-24,63.552563
2018-05-25,63.59201
2018-05-29,63.647995
2018-05-30,63.703148
2018-05-31,63.739895
2018-06-01,63.744877
2018-06-04,63.739647
2018-06-05,63.75564
2018-06-06,63.818573
2018-06-07,63.934937
2018-06-08,64.08563
2018-06-11,64.22924
2018-06-12,64.32872
2018-06-13,64.37388
2018-06-14,64.36161
2018-06-15,64.30498
2018-06-18,64.2129
2018-06-19,64.10091
2018-06-20,63.967224
2018-06-21,63.82396
2018-06-22,63.681164
2018-06-25,63.54713
2018-06-26,63.41158
2018-06-27,63.28715
2018-06-28,63.18583
2018-06-29,63.123825
2018-07-02,63.10324
2018-07-03,63.129482
2018-07-05,63.17288
2018-07-06,63.21483
2018-07-09,63.261475
2018-07-10,63.33561
2018-07-11,63.443924
2018-07-12,63.56014
2018-07-13,63.677677
2018-07-16,63.791893
2018-07-17,63.89376
2018-07-18,63.979298
2018-07-19,64.03954
2018-07-20,64.08108
2018-07-23,64.10934
2018-07-24,64.1303
2018-07-25,64.15763
2018-07-26,64.210495
2018-07-27,64.289505
2018-07-30,64.36138
2018-07-31,64.39119
2018-08-01,64.366554
2018-08-02,64.372406
2018-08-03,64.508934
2018-08-06,64.80469
2018-08-07,65.22823
2018-08-08,65.70047
2018-08-09,66.13576
2018-08-10,66.479996
2018-08-13,66.70547
2018-08-14,66.823586
2018-08-15,66.87113
2018-08-16,66.890785
2018-08-17,66.93415
2018-08-20,67.05446
2018-08-21,67.2503
2018-08-22,67.486664
2018-08-23,67.718346
2018-08-24,67.90975
2018-08-27,68.045006
2018-08-28,68.13489
2018-08-29,68.207375
2018-08-30,68.30436
2018-08-31,68.458275
2018-09-04,68.68683
2018-09-05,68.97965
2018-09-06,69.29291
2018-09-07,69.554306
2018-09-10,69.70217
2018-09-11,69.69612
2018-09-12,69.57762
2018-09-13,69.39808
2018-09-14,69.247086
2018-09-17,69.16489
2018-09-18,69.1207
2018-09-19,69.0791
2018-09-20,69.01724
2018-09-21,68.93991
2018-09-24,68.845535
2018-09-25,68.76016
2018-09-26,68.714485
2018-09-27,68.71081
2018-09-28,68.76707
2018-10-01,68.88709
2018-10-02,69.06418
2018-10-03,69.28777
2018-10-04,69.551506
2018-10-05,69.80961
2018-10-08,69.99619
2018-10-09,70.06948
2018-10-10,70.04581
2018-10-11,69.89046
2018-10-12,69.59309
2018-10-15,69.253265
2018-10-16,68.93302
2018-10-17,68.70931
2018-10-18,68.60527
2018-10-19,68.57779
2018-10-22,68.59616
2018-10-23,68.64103
2018-10-24,68.70928
2018-10-25,68.74631
2018-10-26,68.74564
2018-10-29,68.69508
2018-10-30,68.57208
2018-10-31,68.3845
2018-11-01,68.20639
2018-11-02,68.11362
2018-11-05,68.047485
2018-11-06,67.90587
2018-11-07,67.645195
2018-11-08,67.3353
2018-11-09,67.05646
2018-11-12,66.833595
2018-11-13,66.596
2018-11-14,66.282135
2018-11-15,65.84476
2018-11-16,65.34461
2018-11-19,64.888725
2018-11-20,64.49822
2018-11-21,64.109795
2018-11-23,63.692997
2018-11-26,63.224632
2018-11-27,62.749672
2018-11-28,62.327515
2018-11-29,62.048527
2018-11-30,61.940968
2018-12-03,61.97865
2018-12-04,62.14705
2018-12-06,62.349083
2018-12-07,62.48609
2018-12-10,62.463104
2018-12-11,62.263573
2018-12-12,61.930325
2018-12-13,61.55884
2018-12-14,61.246353
2018-12-17,61.017097
2018-12-18,60.85716
2018-12-19,60.758152
2018-12-20,60.671402
2018-12-21,60.535995
2018-12-24,60.28947
2018-12-26,59.892773
2018-12-27,59.477543
2018-12-28,59.14467
2018-12-31,58.955696
2019-01-02,58.928226
2019-01-03,59.03208
2019-01-04,59.10542
2019-01-07,59.07173
2019-01-08,58.92095
2019-01-09,58.711655
2019-01-10,58.532707
2019-01-11,58.449005
2019-01-14,58.4687
2019-01-15,58.54838
2019-01-16,58.656815
2019-01-17,58.777824
2019-01-18,58.902428
2019-01-22,59.02722
2019-01-23,59.12335
2019-01-24,59.175533
2019-01-25,59.1759
2019-01-28,59.16454
2019-01-29,59.166744
2019-01-30,59.182034
2019-01-31,59.272583
2019-02-01,59.472244
2019-02-04,59.764744
2019-02-05,60.13045
2019-02-06,60.54364
2019-02-07,60.95985
2019-02-08,61.309536
2019-02-11,61.54605
2019-02-12,61.65056
2019-02-13,61.64736
2019-02-14,61.57605
2019-02-15,61.485374
2019-02-19,61.411182
2019-02-20,61.37562
2019-02-21,61.389748
2019-02-22,61.43964
2019-02-25,61.51548
2019-02-26,61.610893
2019-02-27,61.714554
2019-02-28,61.815998
2019-03-01,61.893204
2019-03-04,61.94462
2019-03-05,61.981354
2019-03-06,62.011555
2019-03-07,62.032875
2019-03-08,62.029186
2019-03-11,61.99645
2019-03-12,61.98255
2019-03-13,62.034863
2019-03-14,62.17141
2019-03-15,62.38815
2019-03-18,62.668255
2019-03-19,62.98653
2019-03-20,63.295067
2019-03-21,63.560925
2019-03-22,63.809998
2019-03-25,64.03382
2019-03-26,64.20285
2019-03-27,64.285576
2019-03-28,64.28723
2019-03-29,64.234856
2019-04-01,64.17068
2019-04-02,64.13689
2019-04-03,64.17297
2019-04-04,64.29465
2019-04-05,64.48639
2019-04-08,64.71589
2019-04-09,64.966446
2019-04-10,65.21222
2019-04-11,65.43411
2019-04-12,65.6066
2019-04-15,65.71547
2019-04-16,65.76426
2019-04-17,65.76597
2019-04-18,65.76875
2019-04-22,65.811646
2019-04-23,65.90759
2019-04-24,66.06753
2019-04-25,66.27504
2019-04-26,66.48595
2019-04-29,66.65292
2019-04-30,66.749825
2019-05-01,66.74851
2019-05-02,66.71543
2019-05-03,66.704956
2019-05-06,66.76264
2019-05-07,66.87702
2019-05-08,66.979416
2019-05-09,67.01548
2019-05-10,66.950066
2019-05-13,66.76112
2019-05-14,66.38032
2019-05-15,65.852066
2019-05-16,65.29312
2019-05-17,64.810905
2019-05-20,64.463585
2019-05-21,64.21646
2019-05-22,64.05428
2019-05-23,63.93148
2019-05-24,63.79204
2019-05-28,63.605633
2019-05-29,63.371513
2019-05-30,63.110092
2019-05-31,62.862053
2019-06-03,62.64153
2019-06-04,62.44537
2019-06-05,62.316704
2019-06-06,62.29981
2019-06-07,62.41788
2019-06-10,62.68222
2019-06-11,63.072388
2019-06-12,63.537106
2019-06-13,64.0106
2019-06-14,64.429756
2019-06-17,64.7408
2019-06-18,64.9287
2019-06-19,65.03389
2019-06-20,65.10525
2019-06-21,65.18953
2019-06-24,65.303215
2019-06-25,65.43686
2019-06-26,65.55149
2019-06-27,65.645226
2019-06-28,65.72151
2019-07-01,65.77243
2019-07-02,65.81789
2019-07-03,65.88063
2019-07-05,65.97985
2019-07-08,66.11363
2019-07-09,66.23757
2019-07-10,66.321724
2019-07-11,66.366325
2019-07-12,66.37306
2019-07-15,66.36121
2019-07-16,66.36202
2019-07-17,66.38928
2019-07-18,66.434685
2019-07-19,66.49864
2019-07-22,66.5559
2019-07-23,66.616196
2019-07-24,66.69808
2019-07-25,66.80633
2019-07-26,66.92182
2019-07-29,67.027374
2019-07-30,67.122505
2019-07-31,67.20219
2019-08-01,67.290504
2019-08-02,67.37189
2019-08-05,67.400536
2019-08-06,67.2765
2019-08-07,66.97716
2019-08-08,66.57623
2019-08-09,66.2141
2019-08-12,65.96905
2019-08-13,65.86252
2019-08-14,65.93029
2019-08-15,66.111755
2019-08-16,66.325615
2019-08-19,66.53165
2019-08-20,66.73011
2019-08-21,66.923325
2019-08-22,67.123085
2019-08-23,67.32855
2019-08-26,67.46516
2019-08-27,67.50757
2019-08-28,67.44812
2019-08-29,67.31757
2019-08-30,67.18405
2019-09-03,67.09985
2019-09-04,67.06808
2019-09-05,67.09579
2019-09-06,67.20017
2019-09-09,67.37359
2019-09-10,67.593315
2019-09-11,67.84154
2019-09-12,68.13743
2019-09-13,68.47564
2019-09-16,68.80186
2019-09-17,69.07175
2019-09-18,69.26419
2019-09-19,69.391266
2019-09-20,69.462776
2019-09-23,69.47216
2019-09-24,69.4303
2019-09-25,69.35062
2019-09-26,69.27408
2019-09-27,69.22476
2019-09-30,69.20439
2019-10-01,69.238464
2019-10-02,69.337616
2019-10-03,69.45339
2019-10-04,69.55052
2019-10-07,69.647934
2019-10-08,69.76312
2019-10-09,69.88333
2019-10-10,70.00737
2019-10-11,70.15011
2019-10-14,70.354225
2019-10-15,70.629875
2019-10-16,70.95216
2019-10-17,71.27341
2019-10-18,71.55411
2019-10-21,71.77553
2019-10-22,71.959366
2019-10-23,72.123795
2019-10-24,72.29895
2019-10-25,72.49977
2019-10-28,72.740364
2019-10-29,73.02889
2019-10-30,73.31457
2019-10-31,73.54596
2019-11-01,73.72584
2019-11-04,73.913345
2019-11-05,74.159874
2019-11-06,74.47609
2019-11-07,74.838936
2019-11-08,75.223755
2019-11-11,75.60066
2019-11-12,75.95533
2019-11-13,76.271996
2019-11-14,76.55216
2019-11-15,76.786446
2019-11-18,76.98572
2019-11-19,77.16698
2019-11-20,77.33423
2019-11-21,77.46603
2019-11-22,77.538445
2019-11-25,77.54139
2019-11-26,77.51027
2019-11-27,77.469666
2019-11-29,77.45747
2019-12-02,77.49039
2019-12-03,77.547516
2019-12-04,77.57472
2019-12-05,77.545715
2019-12-06,77.487366
2019-12-09,77.46356
2019-12-10,77.49057
2019-12-11,77.57114
2019-12-12,77.7042
2019-12-13,77.87801
2019-12-16,78.09138
2019-12-17,78.357956
2019-12-18,78.67386
2019-12-19,79.01132
2019-12-20,79.335014
2019-12-23,79.609024
2019-12-24,79.83523
2019-12-26,80.02381
2019-12-27,80.213524
2019-12-30,80.42744
2019-12-31,80.675865
2020-01-02,80.95974
2020-01-03,81.29718
2020-01-06,81.66917
2020-01-07,82.05201
2020-01-08,82.40747
2020-01-09,82.72238
2020-01-10,83.02632
2020-01-13,83.34234
2020-01-14,83.70536
2020-01-15,84.1
2020-01-16,84.48091
2020-01-17,84.82318
2020-01-21,85.12587
2020-01-22,85.380806
2020-01-23,85.586876
2020-01-24,85.75214
2020-01-27,85.87725
2020-01-28,85.89713
2020-01-29,85.82657
2020-01-30,85.75229
2020-01-31,85.74237
2020-02-03,85.73639
2020-02-04,85.65787
2020-02-05,85.53765
2020-02-06,85.44785
2020-02-07,85.46316
2020-02-10,85.58565
2020-02-11,85.79292
2020-02-12,86.03245
2020-02-13,86.29087
2020-02-14,86.54236
2020-02-18,86.75662
2020-02-19,86.87176
2020-02-20,86.86886
2020-02-21,86.74312
2020-02-24,86.47023
2020-02-25,85.97062
2020-02-26,85.18409
2020-02-27,84.19608
2020-02-28,83.03194
2020-03-02,81.7816
2020-03-03,80.78136
2020-03-04,80.19629
2020-03-05,80.08989
2020-03-06,80.35969
2020-03-09,80.82813
2020-03-10,81.20189
2020-03-11,81.36396
2020-03-12,81.24912
2020-03-13,80.705696
2020-03-16,79.92796
2020-03-17,78.910515
2020-03-18,77.793655
2020-03-19,76.70172
2020-03-20,75.73389
2020-03-23,74.830154
2020-03-24,73.925606
2020-03-25,73.19872
2020-03-26,72.770966
2020-03-27,72.73883
2020-03-30,73.016815
2020-03-31,73.509796
2020-04-01,74.09112
2020-04-02,74.57158
2020-04-03,74.84579
2020-04-06,74.84532
2020-04-07,74.75428
2020-04-08,74.71671
2020-04-09,74.86046
2020-04-13,75.23097
2020-04-14,75.80279
2020-04-15,76.57964
2020-04-16,77.4946
2020-04-17,78.45607
2020-04-20,79.346146
2020-04-21,80.03967
2020-04-22,80.41536
2020-04-23,80.44326
2020-04-24,80.19591
2020-04-27,79.866035
2020-04-28,79.62201
2020-04-29,79.50492
2020-04-30,79.560486
2020-05-01,79.81664
2020-05-04,80.21883
2020-05-05,80.70334
2020-05-06,81.22185
2020-05-07,81.74187
2020-05-08,82.244095
2020-05-11,82.739044
2020-05-12,83.25567
2020-05-13,83.77781
2020-05-14,84.24967
2020-05-15,84.62958
2020-05-18,84.87968
2020-05-19,85.03053
2020-05-20,85.11769
2020-05-21,85.20889
2020-05-22,85.33506
2020-05-26,85.50934
2020-05-27,85.708275
2020-05-28,85.90323
2020-05-29,86.06656
2020-06-01,86.173164
2020-06-02,86.23622
2020-06-03,86.28607
2020-06-04,86.35201
2020-06-05,86.43197
2020-06-08,86.55949
2020-06-09,86.756546
2020-06-10,87.06302
2020-06-11,87.511536
2020-06-12,88.01161
2020-06-15,88.45645
2020-06-16,88.77467
2020-06-17,88.97065
2020-06-18,89.06974
2020-06-19,89.100174
2020-06-22,89.07564
2020-06-23,89.04725
2020-06-24,89.090294
2020-06-25,89.21449
2020-06-26,89.41322
2020-06-29,89.60954
2020-06-30,89.764015
2020-07-01,89.87194
2020-07-02,89.93837
2020-07-06,89.97192
2020-07-07,90.02365
2020-07-08,90.12616
2020-07-09,90.32207
2020-07-10,90.62051
2020-07-13,90.991135
2020-07-14,91.37449
2020-07-15,91.73513
2020-07-16,92.05477
2020-07-17,92.3093
2020-07-20,92.481544
2020-07-21,92.58539
2020-07-22,92.62644
2020-07-23,92.61341
2020-07-24,92.50796
2020-07-27,92.2782
2020-07-28,91.94067
2020-07-29,91.51962
2020-07-30,91.095955
2020-07-31,90.777855
2020-08-03,90.79828
2020-08-04,91.250626
2020-08-05,92.02362
2020-08-06,92.97161
2020-08-07,94.105385
2020-08-10,95.52829
2020-08-11,97.22985
2020-08-12,99.10309
2020-08-13,101.01447
2020-08-14,102.820015
2020-08-17,104.44043
2020-08-18,105.847694
2020-08-19,107.06106
2020-08-20,108.11984
2020-08-21,109.09921
2020-08-24,110.09111
2020-08-25,111.1227
2020-08-26,112.201805
2020-08-27,113.33163
2020-08-28,114.48532
2020-08-31,115.617294
2020-09-01,116.689125
2020-09-02,117.724266
2020-09-03,118.715996
2020-09-04,119.58076
2020-09-08,120.27569
2020-09-09,120.788025
2020-09-10,121.07269
2020-09-11,121.06125
2020-09-14,120.73347
2020-09-15,120.17504
2020-09-16,119.50951
2020-09-17,118.82179
2020-09-18,118.15272
2020-09-21,117.491875
2020-09-22,116.85748
2020-09-23,116.28038
2020-09-24,115.74708
2020-09-25,115.248116
2020-09-28,114.80996
2020-09-29,114.494156
2020-09-30,114.34581
2020-10-01,114.40517
2020-10-02,114.67508
2020-10-05,115.09212
2020-10-06,115.60681
2020-10-07,116.14445
2020-10-08,116.64571
2020-10-09,117.07497
2020-10-12,117.436264
2020-10-13,117.79643
2020-10-14,118.16983
2020-10-15,118.54684
2020-10-16,118.91412
2020-10-19,119.2573
2020-10-20,119.56529
2020-10-21,119.82185
2020-10-22,120.01071
2020-10-23,120.104454
2020-10-26,120.07989
2020-10-27,119.93996
2020-10-28,119.72854
2020-10-29,119.43938
2020-10-30,119.10968
2020-11-02,118.71823
2020-11-03,118.252975
2020-11-04,117.73662
2020-11-05,117.23921
2020-11-06,116.869415
2020-11-09,116.70705
2020-11-10,116.752205
2020-11-11,116.966576
2020-11-12,117.29944
2020-11-13,117.70109
2020-11-16,118.130775
2020-11-17,118.55647
2020-11-18,118.955025
2020-11-19,119.31371
2020-11-20,119.6263
2020-11-23,119.878586
2020-11-24,120.03138
2020-11-25,120.05385
2020-11-27,119.95713
2020-11-30,119.78368
2020-12-01,119.61037
2020-12-02,119.519844
2020-12-03,119.52796
2020-12-04,119.6223
2020-12-07,119.77871
2020-12-08,119.97583
2020-12-09,120.19772
2020-12-10,120.421265
2020-12-11,120.630775
2020-12-14,120.815674
2020-12-15,120.96979
2020-12-16,121.09975
2020-12-17,121.21547
2020-12-18,121.330666
2020-12-21,121.45152
2020-12-22,121.585106
2020-12-23,121.7554
2020-12-24,121.97484
2020-12-28,122.25374
2020-12-29,122.64699
2020-12-30,123.16652
2020-12-31,123.77383
2021-01-04,124.380104
2021-01-05,124.8701
2021-01-06,125.19299
2021-01-07,125.32724
2021-01-08,125.30074
2021-01-11,125.164604
2021-01-12,124.9653
2021-01-13,124.730965
2021-01-14,124.49049
2021-01-15,124.26111
2021-01-19,124.04573
2021-01-20,123.84576
2021-01-21,123.682175
2021-01-22,123.622
2021-01-25,123.77552
2021-01-26,124.28802
2021-01-27,125.22038
2021-01-28,126.5272
2021-01-29,127.98267
2021-02-01,129.23729
2021-02-02,130.10255
2021-02-03,130.5545
2021-02-04,130.63614
2021-02-05,130.43652
2021-02-08,130.05438
2021-02-09,129.60048
2021-02-10,129.15414
2021-02-11,128.75986
2021-02-12,128.43713
2021-02-16,128.19223
2021-02-17,127.99159
2021-02-18,127.78249
2021-02-19,127.52264
2021-02-22,127.200035
2021-02-23,126.81224
2021-02-24,126.3748
2021-02-25,125.91175
2021-02-26,125.43553
2021-03-01,124.95645
2021-03-02,124.4956
2021-03-03,124.07264
2021-03-04,123.69241
2021-03-05,123.353935
2021-03-08,123.05532
2021-03-09,122.78883
2021-03-10,122.55154
2021-03-11,122.34117
2021-03-12,122.15719
2021-03-15,121.998634
2021-03-16,121.868675
2021-03-17,121.77232
2021-03-18,121.710144
2021-03-19,121.673645
2021-03-22,121.64991
2021-03-23,121.63293
2021-03-24,121.61864
2021-03-25,121.601166
2021-03-26,121.57817
2021-03-29,121.54982
2021-03-30,121.51775
2021-03-31,121.483055
2021-04-01,121.44817
2021-04-05,121.41685
2021-04-06,121.3982
2021-04-07,121.40029
2021-04-08,121.44121
2021-04-09,121.553
2021-04-12,121.78498
2021-04-13,122.15611
2021-04-14,122.6787
2021-04-15,123.29983
2021-04-16,123.96894
2021-04-19,124.62285
2021-04-20,125.22075
2021-04-21,125.70496
2021-04-22,126.04671
2021-04-23,126.233406
2021-04-26,126.294266
2021-04-27,126.2743
2021-04-28,126.214195
2021-04-29,126.13881
2021-04-30,126.062706
2021-05-03,125.97701
2021-05-04,125.88043
2021-05-05,125.74125
2021-05-06,125.54782
2021-05-07,125.31298
2021-05-10,125.0581
2021-05-11,124.79161
2021-05-12,124.51946
2021-05-13,124.24162
2021-05-14,123.96296
2021-05-17,123.69644
2021-05-18,123.45175
2021-05-19,123.23205
2021-05-20,123.039085
2021-05-21,122.87637
2021-05-24,122.74223
2021-05-25,122.63755
2021-05-26,122.5626
2021-05-27,122.515175
2021-05-28,122.48385
2021-06-01,122.45715
2021-06-02,122.42736
2021-06-03,122.39171
2021-06-04,122.34789
2021-06-07,122.29942
2021-06-08,122.25138
2021-06-09,122.20976
2021-06-10,122.179794
2021-06-11,122.16323
2021-06-14,122.16399
2021-06-15,122.202515
2021-06-16,122.28949
2021-06-17,122.43075
2021-06-18,122.63652
2021-06-21,122.889015
2021-06-22,123.17793
2021-06-23,123.50742
2021-06-24,123.87681
2021-06-25,124.26582
2021-06-28,124.64077
2021-06-29,124.99269
2021-06-30,125.342804
2021-07-01,125.71774
2021-07-02,126.124596
2021-07-06,126.594185
2021-07-07,127.181625
2021-07-08,127.95412
2021-07-09,128.92642
2021-07-12,130.08655
2021-07-13,131.35455
2021-07-14,132.65018
2021-07-15,133.9531
2021-07-16,135.23756
2021-07-19,136.43036
2021-07-20,137.35023
2021-07-21,137.95222
2021-07-22,138.25336
2021-07-23,138.33156
2021-07-26,138.31514
2021-07-27,138.32742
2021-07-28,138.40514
2021-07-29,138.50471
2021-07-30,138.58488
2021-08-02,138.62503
2021-08-03,138.61473
2021-08-04,138.59239
2021-08-05,138.59158
2021-08-06,138.63542
2021-08-09,138.71677
2021-08-10,138.81627
2021-08-11,138.90398
2021-08-12,138.96198
2021-08-13,139.0457
2021-08-16,139.21378
2021-08-17,139.53545
2021-08-18,140.00478
2021-08-19,140.5253
2021-08-20,140.98813
2021-08-23,141.3269
2021-08-24,141.56035
2021-08-25,141.72905
2021-08-26,141.84286
2021-08-27,141.88728
2021-08-30,141.87532
2021-08-31,141.92906
2021-09-01,142.10983
2021-09-02,142.4316
2021-09-03,142.90479
2021-09-07,143.51616
2021-09-08,144.2647
2021-09-09,145.10738
2021-09-10,145.96011
2021-09-13,146.66692
2021-09-14,147.11609
2021-09-15,147.18024
2021-09-16,146.85143
2021-09-17,146.21931
2021-09-20,145.35864
2021-09-21,144.30302
2021-09-22,143.11555
2021-09-23,141.90697
2021-09-24,140.80363
2021-09-27,139.91568
2021-09-28,139.28772
2021-09-29,138.84209
2021-09-30,138.49643
2021-10-01,138.16249
2021-10-04,137.80617
2021-10-05,137.3748
2021-10-06,136.86908
2021-10-07,136.32895
2021-10-08,135.82239
2021-10-11,135.40628
2021-10-12,135.11398
2021-10-13,134.93102
2021-10-14,134.81453
2021-10-15,134.76799
2021-10-18,134.82312
2021-10-19,135.03911
2021-10-20,135.48721
2021-10-21,136.16785
2021-10-22,137.04353
2021-10-25,138.0319
2021-10-26,139.04105
2021-10-27,139.99553
2021-10-28,140.83145
2021-10-29,141.56369
2021-11-01,142.18277
2021-11-02,142.64812
2021-11-03,142.9563
2021-11-04,143.16296
2021-11-05,143.31743
2021-11-08,143.46815
2021-11-09,143.62506
2021-11-10,143.78722
2021-11-11,143.89719
2021-11-12,143.89133
2021-11-15,143.79044
2021-11-16,143.64331
2021-11-17,143.52238
2021-11-18,143.52463
2021-11-19,143.75534
2021-11-22,144.31482
2021-11-23,145.249
2021-11-24,146.52394
2021-11-26,148.04729
2021-11-29,149.60468
2021-11-30,151.04317
2021-12-01,152.34814
2021-12-02,153.53304
2021-12-03,154.59204
2021-12-06,155.47818
2021-12-07,156.20908
2021-12-08,156.91148
2021-12-09,157.76031
2021-12-10,158.85199
2021-12-13,160.26976
2021-12-14,161.94473
2021-12-15,163.70854
2021-12-16,165.46576
2021-12-17,167.02776
2021-12-20,168.21393
2021-12-21,168.90547
2021-12-22,169.13242
2021-12-23,169.04343
2021-12-27,168.818
2021-12-28,168.67053
2021-12-29,168.73654
2021-12-30,169.06422
2021-12-31,169.60991
2022-01-03,170.27657
2022-01-04,171.03276
2022-01-05,171.81638
2022-01-06,172.47966
2022-01-07,172.84789
2022-01-10,172.82896
2022-01-11,172.42393
2022-01-12,171.7518
2022-01-13,170.97519
2022-01-14,170.18933
2022-01-18,169.4683
2022-01-19,168.81067
2022-01-20,168.13962
2022-01-21,167.36484
2022-01-24,166.41432
2022-01-25,165.27074
2022-01-26,163.94865
2022-01-27,162.50133
2022-01-28,161.00563
2022-01-31,159.70651
2022-02-01,158.91211
2022-02-02,158.8266
2022-02-03,159.50652
2022-02-04,160.79912
2022-02-07,162.44669
2022-02-08,164.1677
2022-02-09,165.78186
2022-02-10,167.20253
2022-02-11,168.32219
2022-02-14,169.01305
2022-02-15,169.22194
2022-02-16,169.04024
2022-02-17,168.6102
2022-02-18,168.01625
2022-02-22,167.29932
2022-02-23,166.45126
2022-02-24,165.41832
2022-02-25,164.22713
2022-02-28,162.98256
2022-03-01,161.815
2022-03-02,160.80605
2022-03-03,160.0564
2022-03-04,159.62158
2022-03-07,159.45079
2022-03-08,159.38757
2022-03-09,159.25291
2022-03-10,159.01588
2022-03-11,158.6426
2022-03-14,158.0785
2022-03-15,157.25403
2022-03-16,156.21327
2022-03-17,155.10216
2022-03-18,154.10298
2022-03-21,153.4155
2022-03-22,153.1952
2022-03-23,153.54572
2022-03-24,154.47981
2022-03-25,155.96861
2022-03-28,157.90251
2022-03-29,160.11719
2022-03-30,162.47488
2022-03-31,164.81323
2022-04-01,166.92482
2022-04-04,168.64253
2022-04-05,169.94516
2022-04-06,170.82169
2022-04-07,171.2401
2022-04-08,171.21999
2022-04-11,170.79965
2022-04-12,169.98773
2022-04-13,168.86641
2022-04-14,167.60799
2022-04-18,166.31387
2022-04-19,165.05421
2022-04-20,163.9252
2022-04-21,163.009
2022-04-22,162.33966
2022-04-25,161.8362
2022-04-26,161.41719
2022-04-27,160.92879
2022-04-28,160.26367
2022-04-29,159.48819
2022-05-02,158.63756
2022-05-03,157.74963
2022-05-04,156.89146
2022-05-05,156.22679
2022-05-06,155.75426
2022-05-09,155.41702
2022-05-10,155.07094
2022-05-11,154.63885
2022-05-12,154.00125
2022-05-13,152.98299
2022-05-16,151.57137
2022-05-17,149.87375
2022-05-18,148.08801
2022-05-19,146.28975
2022-05-20,144.48555
2022-05-23,142.69678
2022-05-24,141.01082
2022-05-25,139.49184
2022-05-26,138.18481
2022-05-27,137.16321
2022-05-31,136.60504
2022-06-01,136.58089
2022-06-02,137.04686
2022-06-03,137.9099
2022-06-06,138.97987
2022-06-07,140.06094
2022-06-08,141.03357
2022-06-09,141.81866
2022-06-10,142.2453
2022-06-13,142.14949
2022-06-14,141.50774
2022-06-15,140.43362
2022-06-16,139.07547
2022-06-17,137.55466
2022-06-21,135.948
2022-06-22,134.36087
2022-06-23,132.90154
2022-06-24,131.7034
2022-06-27,130.9152
2022-06-28,130.62877
2022-06-29,130.77989
2022-06-30,131.25552
2022-07-01,131.85771
2022-07-05,132.43028
2022-07-06,132.91898
2022-07-07,133.33595
2022-07-08,133.7765
2022-07-11,134.33517
2022-07-12,135.00493
2022-07-13,135.74696
2022-07-14,136.49521
2022-07-15,137.24821
2022-07-18,138.03993
2022-07-19,138.82584
2022-07-20,139.60817
2022-07-21,140.42986
2022-07-22,141.34407
2022-07-25,142.34863
2022-07-26,143.3894
2022-07-27,144.37129
2022-07-28,145.28749
2022-07-29,146.16228
2022-08-01,147.09106
2022-08-02,148.12877
2022-08-03,149.25111
2022-08-04,150.4894
2022-08-05,151.84514
2022-08-08,153.27434
2022-08-09,154.69783
2022-08-10,156.03145
2022-08-11,157.27383
2022-08-12,158.42598
2022-08-15,159.5386
2022-08-16,160.66484
2022-08-17,161.819
2022-08-18,163.00397
2022-08-19,164.1895
2022-08-22,165.28351
2022-08-23,166.12935
2022-08-24,166.61287
2022-08-25,166.70274
2022-08-26,166.48082
2022-08-29,165.96727
2022-08-30,165.16354
2022-08-31,164.08104
2022-09-01,162.74762
2022-09-02,161.24437
2022-09-06,159.65106
2022-09-07,158.03592
2022-09-08,156.48578
2022-09-09,155.06944
2022-09-12,153.87624
2022-09-13,153.06462
2022-09-14,152.60548
2022-09-15,152.40869
2022-09-16,152.32117
2022-09-19,152.19037
2022-09-20,151.96779
2022-09-21,151.69513
2022-09-22,151.39333
2022-09-23,151.06274
2022-09-26,150.67322
2022-09-27,150.20996
2022-09-28,149.6887
2022-09-29,149.10652
2022-09-30,148.32935
2022-10-03,147.22636
2022-10-04,145.83087
2022-10-05,144.30438
2022-10-06,142.82605
2022-10-07,141.53572
2022-10-10,140.4345
2022-10-11,139.48524
2022-10-12,138.62827
2022-10-13,137.81041
2022-10-14,137.0681
2022-10-17,136.39027
2022-10-18,135.81581
2022-10-19,135.41092
2022-10-20,135.22763
2022-10-21,135.27325
2022-10-24,135.589
2022-10-25,136.18797
2022-10-26,137.08197
2022-10-27,138.19733
2022-10-28,139.35382
2022-10-31,140.53299
2022-11-01,141.71796
2022-11-02,142.83823
2022-11-03,143.74109
2022-11-04,144.1292
2022-11-07,143.86853
2022-11-08,143.04411
2022-11-09,141.83034
2022-11-10,140.38518
2022-11-11,138.90865
2022-11-14,137.65573
2022-11-15,136.87724
2022-11-16,136.72893
2022-11-17,137.16568
2022-11-18,138.06529
2022-11-21,139.30225
2022-11-22,140.66946
2022-11-23,141.99852
2022-11-25,143.18195
2022-11-28,144.12123
2022-11-29,144.66164
2022-11-30,144.64546
2022-12-01,144.17928
2022-12-02,143.45453
2022-12-05,142.65686
2022-12-06,141.91382
2022-12-07,141.23668
2022-12-08,140.56964
2022-12-09,139.8976
2022-12-12,139.22458
2022-12-13,138.60591
2022-12-14,138.12152
2022-12-15,137.79222
2022-12-16,137.47299
2022-12-19,137.02646
2022-12-20,136.38348
2022-12-21,135.56294
2022-12-22,134.61823
2022-12-23,133.58704
2022-12-27,132.51654
2022-12-28,131.45361
2022-12-29,130.42256
2022-12-30,129.44734
2023-01-03,128.55215
2023-01-04,127.73698
2023-01-05,127.00164
2023-01-06,126.34301
2023-01-09,125.770645
2023-01-10,125.300476
2023-01-11,124.95358
2023-01-12,124.77451
2023-01-13,124.79466
2023-01-17,125.04213
2023-01-18,125.49592
2023-01-19,126.094185
2023-01-20,126.76236
2023-01-23,127.454926
2023-01-24,128.18462
2023-01-25,128.99507
2023-01-26,129.8939
2023-01-27,130.8923
2023-01-30,132.00592
2023-01-31,133.14859
2023-02-01,134.23708
2023-02-02,135.22638
2023-02-03,136.20761
2023-02-06,137.29384
2023-02-07,138.50479
2023-02-08,139.84229
2023-02-09,141.23578
2023-02-10,142.5698
2023-02-13,143.74437
2023-02-14,144.73831
2023-02-15,145.55312
2023-02-16,146.23393
2023-02-17,146.8048
2023-02-21,147.26132
2023-02-22,147.54337
2023-02-23,147.58714
2023-02-24,147.37048
2023-02-27,146.88712
2023-02-28,146.20663
2023-03-01,145.4143
2023-03-02,144.56146
2023-03-03,143.70383
2023-03-06,142.99669
2023-03-07,142.62737
2023-03-08,142.62419
2023-03-09,142.9638
2023-03-10,143.55276
2023-03-13,144.23526
2023-03-14,144.89435
2023-03-15,145.48427
2023-03-16,145.99857
2023-03-17,146.48634
2023-03-20,146.98148
2023-03-21,147.53076
2023-03-22,148.18729
2023-03-23,148.9457
2023-03-24,149.78128
2023-03-27,150.6713
2023-03-28,151.5476
2023-03-29,152.32552
2023-03-30,152.9935
2023-03-31,153.59348
2023-04-03,154.2068
2023-04-04,154.90938
2023-04-05,155.72276
2023-04-06,156.59402
2023-04-10,157.46057
2023-04-11,158.21889
2023-04-12,158.76344
2023-04-13,159.0242
2023-04-14,159.07939
2023-04-17,159.04243
2023-04-18,159.01274
2023-04-19,159.07439
2023-04-20,159.28856
2023-04-21,159.65758
2023-04-24,160.11783
2023-04-25,160.59467
2023-04-26,160.99786
2023-04-27,161.26143
2023-04-28,161.43619
2023-05-01,161.61725
2023-05-02,161.87651
2023-05-03,162.22777
2023-05-04,162.6318
2023-05-05,163.0058
2023-05-08,163.40347
2023-05-09,163.89268
2023-05-10,164.47731
2023-05-11,165.15102
2023-05-12,165.88992
2023-05-15,166.63814
2023-05-16,167.32753
2023-05-17,167.90282
2023-05-18,168.34271
2023-05-19,168.68726
2023-05-22,168.98647
2023-05-23,169.26094
2023-05-24,169.4686
2023-05-25,169.571
2023-05-26,169.57272
2023-05-30,169.5411
2023-05-31,169.57382
2023-06-01,169.73837
2023-06-02,170.10213
2023-06-05,170.69841
2023-06-06,171.48297
2023-06-07,172.36494
2023-06-08,173.22244
2023-06-09,173.99782
2023-06-12,174.6716
2023-06-13,175.28542
2023-06-14,175.87148
2023-06-15,176.45117
2023-06-16,177.05934
2023-06-20,177.69168
2023-06-21,178.32187
2023-06-22,178.89856
2023-06-23,179.42465
2023-06-26,179.90796
2023-06-27,180.32814
2023-06-28,180.70735
2023-06-29,181.0891
2023-06-30,181.50664
2023-07-03,182.04288
2023-07-05,182.71709
2023-07-06,183.4778
2023-07-07,184.25655
2023-07-10,184.96855
2023-07-11,185.51353
2023-07-12,185.82213
2023-07-13,185.90411
2023-07-14,185.81976
2023-07-17,185.64395
2023-07-18,185.49515
2023-07-19,185.46352
2023-07-20,185.61186
2023-07-21,185.91956
2023-07-24,186.30792
2023-07-25,186.70737
2023-07-26,187.08043
2023-07-27,187.4212
2023-07-28,187.71033
2023-07-31,187.97379
2023-08-01,188.24896
2023-08-02,188.54308
2023-08-03,188.79582
2023-08-04,188.92622
2023-08-07,188.73091
2023-08-08,188.02626
2023-08-09,186.7767
2023-08-10,185.05757
2023-08-11,183.02359
2023-08-14,180.87187
2023-08-15,178.82869
2023-08-16,177.05855
2023-08-17,175.64691
2023-08-18,174.5749
2023-08-21,173.79161
2023-08-22,173.26117
2023-08-23,172.9678
2023-08-24,172.94916
2023-08-25,173.13974
2023-08-28,173.47513
2023-08-29,173.91626
2023-08-30,174.48769
2023-08-31,175.25623
2023-09-01,176.24901
2023-09-05,177.45694
2023-09-06,178.81865
2023-09-07,180.12039
2023-09-08,181.07115
2023-09-11,181.49214
2023-09-12,181.35706
2023-09-13,180.69843
2023-09-14,179.58858
2023-09-15,178.17468
2023-09-18,176.6235
2023-09-19,175.14467
2023-09-20,173.93575
2023-09-21,173.06627
2023-09-22,172.50119
2023-09-25,172.17929
2023-09-26,172.05284
2023-09-27,172.00403
2023-09-28,171.89827
2023-09-29,171.65294
2023-10-02,171.25424
2023-10-03,170.77618
2023-10-04,170.29004
2023-10-05,169.87483
2023-10-06,169.60522
2023-10-09,169.56206
2023-10-10,169.80371
2023-10-11,170.31912
2023-10-12,171.06607
2023-10-13,171.98457
2023-10-16,172.96416
2023-10-17,173.89041
2023-10-18,174.64932
2023-10-19,175.14299
2023-10-20,175.32121
2023-10-23,175.1479
2023-10-24,174.64636
2023-10-25,173.89745
2023-10-26,172.97314
2023-10-27,171.88556
2023-10-30,170.68156
2023-10-31,169.47151
2023-11-01,168.38225
2023-11-02,167.56448
2023-11-03,167.17604
2023-11-06,167.27496
2023-11-07,167.86118
2023-11-08,168.89915
2023-11-09,170.30725
2023-11-10,171.94353
2023-11-13,173.71228
2023-11-14,175.48611
2023-11-15,177.18282
2023-11-16,178.74524
2023-11-17,180.15514
2023-11-20,181.39922
2023-11-21,182.49309
2023-11-22,183.4359
2023-11-24,184.23177
2023-11-27,184.86305
2023-11-28,185.31517
2023-11-29,185.60016
2023-11-30,185.72972
2023-12-01,185.73477
2023-12-04,185.67433
2023-12-05,185.57547
2023-12-06,185.51686
2023-12-07,185.54741
2023-12-08,185.7126
2023-12-11,186.0488
2023-12-12,186.51132
2023-12-13,187.05196
2023-12-14,187.6751
2023-12-15,188.38223
2023-12-18,189.14339
2023-12-19,189.87943
2023-12-20,190.53368
2023-12-21,191.03627
2023-12-22,191.34047
2023-12-26,191.41866
2023-12-27,191.2707
2023-12-28,190.93153
2023-12-29,190.4672
2024-01-02,189.93404
2024-01-03,189.27048
2024-01-04,188.40263
2024-01-05,187.2753
2024-01-08,185.89258
2024-01-09,184.4011
2024-01-10,182.97765
2024-01-11,181.78769
2024-01-12,180.92932
2024-01-16,180.43628
2024-01-17,180.24782
2024-01-18,180.25264
2024-01-19,180.43678
2024-01-22,180.84515
2024-01-23,181.53351
2024-01-24,182.5175
2024-01-25,183.73698
2024-01-26,185.07341
2024-01-29,186.36002
2024-01-30,187.44739
2024-01-31,188.18158
2024-02-01,188.421
2024-02-02,188.16455
2024-02-05,187.48405
2024-02-06,186.53404
2024-02-07,185.51363
2024-02-08,184.59715
2024-02-09,183.88455
2024-02-12,183.42642
2024-02-13,183.19843
2024-02-14,183.10999
2024-02-15,183.05539
2024-02-16,182.95277
2024-02-20,182.73332
2024-02-21,182.35646
2024-02-22,181.83891
2024-02-23,181.26767
2024-02-26,180.70781
2024-02-27,180.1826
2024-02-28,179.72598
2024-02-29,179.34607
2024-03-01,179.02898
2024-03-04,178.73918
2024-03-05,178.36844
2024-03-06,177.75444
2024-03-07,176.79825
2024-03-08,175.49933
2024-03-11,173.96947
2024-03-12,172.40208
2024-03-13,170.99648
2024-03-14,169.86736
2024-03-15,169.09117
2024-03-18,168.67995
2024-03-19,168.60976
2024-03-20,168.85754
2024-03-21,169.41234
2024-03-22,170.10641
2024-03-25,170.76872
2024-03-26,171.24745
2024-03-27,171.43681
2024-03-28,171.36496
2024-04-01,171.08615
2024-04-02,170.6452
2024-04-03,170.07343
2024-04-04,169.42424
2024-04-05,168.74666
2024-04-08,168.10025
2024-04-09,167.51913
2024-04-10,167.04303
2024-04-11,166.66782
2024-04-12,166.49174
2024-04-15,166.62016
2024-04-16,167.02867
2024-04-17,167.57227
2024-04-18,168.06868
2024-04-19,168.36563
2024-04-22,168.35103
2024-04-23,168.00403
2024-04-24,167.39304
2024-04-25,166.66344
2024-04-26,165.97812
2024-04-29,165.45178
2024-04-30,165.20917
2024-05-01,165.26186
2024-05-02,165.53648
2024-05-03,165.99174
2024-05-06,166.75594
2024-05-07,167.8886
2024-05-08,169.36205
2024-05-09,171.0781
2024-05-10,172.92197
2024-05-13,174.74248
2024-05-14,176.45416
2024-05-15,178.0171
2024-05-16,179.44221
2024-05-17,180.73936
2024-05-20,181.90388
2024-05-21,182.94066
2024-05-22,183.87129
2024-05-23,184.68396
2024-05-24,185.29239
2024-05-28,185.68259
2024-05-29,185.88167
2024-05-30,185.93971
2024-05-31,185.92549
2024-06-03,185.9145
2024-06-04,185.98915
2024-06-05,186.20087
2024-06-06,186.5824
2024-06-07,187.10333
2024-06-10,187.74316
2024-06-11,188.4043
2024-06-12,189.23656
2024-06-13,190.49078
2024-06-14,192.32843
2024-06-17,194.68742
2024-06-18,197.44582
2024-06-20,200.34795
2024-06-21,203.0186
2024-06-24,205.1297
2024-06-25,206.51723
2024-06-26,207.18245
2024-06-27,207.30054
2024-06-28,207.09723
2024-07-01,206.70552
2024-07-02,206.32341
2024-07-03,206.17067
2024-07-05,206.40869
2024-07-08,207.17502
2024-07-09,208.50925
2024-07-10,210.32623
2024-07-11,212.53096
2024-07-12,214.85487
2024-07-15,217.07147
2024-07-16,219.08806
2024-07-17,220.86072
2024-07-18,222.24068
2024-07-19,223.02834
2024-07-22,223.13528
2024-07-23,222.608
2024-07-24,221.6006
2024-07-25,220.19638
2024-07-26,218.4748
2024-07-29,216.56096
2024-07-30,214.61171
2024-07-31,212.79253
2024-08-01,211.29828
2024-08-02,210.2008
2024-08-05,209.52293
2024-08-06,209.04869
2024-08-07,208.52573
2024-08-08,207.84602
2024-08-09,207.0719
2024-08-12,206.36967
2024-08-13,205.91339
2024-08-14,205.87877
2024-08-15,206.35297
2024-08-16,207.36385
2024-08-19,208.85779
2024-08-20,210.6825
2024-08-21,212.64854
2024-08-22,214.56847
2024-08-23,216.24461
2024-08-26,217.58159
2024-08-27,218.55818
2024-08-28,219.2108
2024-08-29,219.56732
2024-08-30,219.72746
2024-09-03,219.77379
2024-09-04,219.64607
2024-09-05,219.25154
2024-09-06,218.59137
2024-09-09,217.70535
2024-09-10,216.66887
2024-09-11,215.5632
2024-09-12,214.5169
2024-09-13,213.64743
2024-09-16,213.0262
2024-09-17,212.5583
2024-09-18,212.14346
2024-09-19,211.79054
2024-09-20,211.6971
2024-09-23,212.00761
2024-09-24,212.71375
2024-09-25,213.72623
2024-09-26,214.89166
2024-09-27,216.07558
2024-09-30,217.1744
2024-10-01,218.21718
2024-10-02,219.10358
2024-10-03,219.74117
2024-10-04,220.0688
2024-10-07,220.10225
2024-10-08,219.80386
2024-10-09,219.25043
2024-10-10,218.63235
2024-10-11,218.11272
2024-10-14,217.7605
2024-10-15,217.65695
2024-10-16,217.88371
2024-10-17,218.4101
2024-10-18,219.14888
2024-10-21,220.04941
2024-10-22,221.0743
2024-10-23,222.15202
2024-10-24,223.09743
2024-10-25,223.75415
2024-10-28,224.06505
2024-10-29,224.08641
2024-10-30,223.91757
2024-10-31,223.5871
2024-11-01,223.04527
2024-11-04,222.21532
2024-11-05,221.08015
2024-11-06,219.72243
2024-11-07,218.25941
2024-11-08,216.9005
2024-11-11,215.83163
2024-11-12,215.10779
2024-11-13,214.70871
2024-11-14,214.59538
2024-11-15,214.77277
2024-11-18,215.15784
2024-11-19,215.70154
2024-11-20,216.35931
2024-11-21,217.0901
2024-11-22,217.8352
2024-11-25,218.55977
2024-11-26,219.29262
2024-11-27,220.09499
2024-11-29,220.98042
2024-12-02,221.96085
2024-12-03,223.05278
2024-12-04,224.2898
2024-12-05,225.65268
2024-12-06,227.0651
2024-12-09,228.41899
2024-12-10,229.6868
2024-12-11,230.86781
2024-12-12,231.92041
2024-12-13,232.82213
2024-12-16,233.56035
2024-12-17,234.18173
2024-12-18,234.77237
2024-12-19,235.27914
2024-12-20,235.65909
2024-12-23,235.98174
2024-12-24,236.33095
2024-12-26,236.80167
2024-12-27,237.44368
2024-12-30,238.17232
2024-12-31,238.80815
2025-01-02,239.17996
2025-01-03,239.08595
2025-01-06,238.43669
2025-01-07,237.30815
2025-01-08,235.8163
2025-01-10,234.12352
2025-01-13,232.30487
2025-01-14,230.39594
2025-01-15,228.44637
2025-01-16,226.61789
2025-01-17,224.90852
2025-01-21,223.3246
2025-01-22,221.77002
2025-01-23,220.20953
