Date,Predicted Close
2010-05-27,90.40205
2010-05-28,90.28219
2010-06-01,90.20414
2010-06-02,90.16847
2010-06-03,90.177505
2010-06-04,90.2279
2010-06-07,90.29289
2010-06-08,90.33645
2010-06-09,90.33838
2010-06-10,90.2948
2010-06-11,90.22171
2010-06-14,90.15805
2010-06-15,90.128975
2010-06-16,90.14637
2010-06-17,90.20929
2010-06-18,90.29573
2010-06-21,90.38117
2010-06-22,90.44047
2010-06-23,90.45847
2010-06-24,90.432434
2010-06-25,90.3662
2010-06-28,90.27472
2010-06-29,90.174355
2010-06-30,90.06855
2010-07-01,89.95707
2010-07-02,89.8501
2010-07-06,89.76295
2010-07-07,89.713936
2010-07-08,89.71493
2010-07-09,89.76182
2010-07-12,89.83797
2010-07-13,89.92609
2010-07-14,90.015144
2010-07-15,90.09889
2010-07-16,90.17345
2010-07-19,90.22723
2010-07-20,90.25557
2010-07-21,90.2662
2010-07-22,90.264015
2010-07-23,90.260826
2010-07-26,90.26734
2010-07-27,90.28791
2010-07-28,90.32114
2010-07-29,90.35691
2010-07-30,90.38514
2010-08-02,90.39818
2010-08-03,90.40009
2010-08-04,90.39816
2010-08-05,90.39098
2010-08-06,90.37235
2010-08-09,90.34271
2010-08-10,90.30923
2010-08-11,90.272964
2010-08-12,90.23172
2010-08-13,90.182755
2010-08-16,90.12619
2010-08-17,90.07093
2010-08-18,90.03165
2010-08-19,90.016884
2010-08-20,90.02262
2010-08-23,90.03547
2010-08-24,90.04452
2010-08-25,90.04221
2010-08-26,90.0277
2010-08-27,90.00206
2010-08-30,89.973
2010-08-31,89.945206
2010-09-01,89.91862
2010-09-02,89.89957
2010-09-03,89.89389
2010-09-07,89.90481
2010-09-08,89.92824
2010-09-09,89.953705
2010-09-10,89.97408
2010-09-13,89.98444
2010-09-14,89.99856
2010-09-15,90.03052
2010-09-16,90.080536
2010-09-17,90.14282
2010-09-20,90.20507
2010-09-21,90.2568
2010-09-22,90.28924
2010-09-23,90.292015
2010-09-24,90.26109
2010-09-27,90.20909
2010-09-28,90.156975
2010-09-29,90.118385
2010-09-30,90.0947
2010-10-01,90.08227
2010-10-04,90.07524
2010-10-05,90.0627
2010-10-06,90.04361
2010-10-07,90.025795
2010-10-08,90.01691
2010-10-11,90.02119
2010-10-12,90.037476
2010-10-13,90.063286
2010-10-14,90.100235
2010-10-15,90.14535
2010-10-18,90.1941
2010-10-19,90.245094
2010-10-20,90.28601
2010-10-21,90.307304
2010-10-22,90.31079
2010-10-25,90.30219
2010-10-26,90.28612
2010-10-27,90.27529
2010-10-28,90.28219
2010-10-29,90.31079
2010-11-01,90.3606
2010-11-02,90.42684
2010-11-03,90.50401
2010-11-04,90.57855
2010-11-05,90.636856
2010-11-08,90.66912
2010-11-09,90.67238
2010-11-10,90.65465
2010-11-11,90.628105
2010-11-12,90.59983
2010-11-15,90.56844
2010-11-16,90.53163
2010-11-17,90.48832
2010-11-18,90.43812
2010-11-19,90.38849
2010-11-22,90.3476
2010-11-23,90.32027
2010-11-24,90.300545
2010-11-26,90.28343
2010-11-29,90.26757
2010-11-30,90.25331
2010-12-01,90.242165
2010-12-02,90.244644
2010-12-03,90.27892
2010-12-06,90.350945
2010-12-07,90.44612
2010-12-08,90.54125
2010-12-09,90.62079
2010-12-10,90.67537
2010-12-13,90.705635
2010-12-14,90.7178
2010-12-15,90.72327
2010-12-16,90.73464
2010-12-17,90.75816
2010-12-20,90.79042
2010-12-21,90.8213
2010-12-22,90.84505
2010-12-23,90.861626
2010-12-27,90.87398
2010-12-28,90.88191
2010-12-29,90.88352
2010-12-30,90.87818
2010-12-31,90.865654
2011-01-03,90.848305
2011-01-04,90.831154
2011-01-05,90.819695
2011-01-06,90.81553
2011-01-07,90.82731
2011-01-10,90.85705
2011-01-11,90.89162
2011-01-12,90.9159
2011-01-13,90.92759
2011-01-14,90.92689
2011-01-18,90.91679
2011-01-19,90.90818
2011-01-20,90.90703
2011-01-21,90.9112
2011-01-24,90.91209
2011-01-25,90.907616
2011-01-26,90.90184
2011-01-27,90.90245
2011-01-28,90.91558
2011-01-31,90.92624
2011-02-01,90.917946
2011-02-02,90.89114
2011-02-03,90.8546
2011-02-04,90.815094
2011-02-07,90.78012
2011-02-08,90.76129
2011-02-09,90.76542
2011-02-10,90.78559
2011-02-11,90.80358
2011-02-14,90.80231
2011-02-15,90.776695
2011-02-16,90.73235
2011-02-17,90.682076
2011-02-18,90.64185
2011-02-22,90.62002
2011-02-23,90.61009
2011-02-24,90.602036
2011-02-25,90.592606
2011-02-28,90.57986
2011-03-01,90.56431
2011-03-02,90.54418
2011-03-03,90.51797
2011-03-04,90.490166
2011-03-07,90.463745
2011-03-08,90.437546
2011-03-09,90.41382
2011-03-10,90.396164
2011-03-11,90.380196
2011-03-14,90.36457
2011-03-15,90.35224
2011-03-16,90.341385
2011-03-17,90.322525
2011-03-18,90.29034
2011-03-21,90.249016
2011-03-22,90.21369
2011-03-23,90.19761
2011-03-24,90.20647
2011-03-25,90.24064
2011-03-28,90.28966
2011-03-29,90.33568
2011-03-30,90.36616
2011-03-31,90.3791
2011-04-01,90.37638
2011-04-04,90.363976
2011-04-05,90.350555
2011-04-06,90.34506
2011-04-07,90.35607
2011-04-08,90.38512
2011-04-11,90.423584
2011-04-12,90.458595
2011-04-13,90.476425
2011-04-14,90.47092
2011-04-15,90.44385
2011-04-18,90.40277
2011-04-19,90.35538
2011-04-20,90.309814
2011-04-21,90.28107
2011-04-25,90.27543
2011-04-26,90.2888
2011-04-27,90.32025
2011-04-28,90.368
2011-04-29,90.42847
2011-05-02,90.48454
2011-05-03,90.51522
2011-05-04,90.514755
2011-05-05,90.493484
2011-05-06,90.46334
2011-05-09,90.43466
2011-05-10,90.414375
2011-05-11,90.40199
2011-05-12,90.39006
2011-05-13,90.372086
2011-05-16,90.34391
2011-05-17,90.30105
2011-05-18,90.24717
2011-05-19,90.19586
2011-05-20,90.15978
2011-05-23,90.14119
2011-05-24,90.132484
2011-05-25,90.12466
2011-05-26,90.11379
2011-05-27,90.10613
2011-05-31,90.11034
2011-06-01,90.1317
2011-06-02,90.16173
2011-06-03,90.18407
2011-06-06,90.185165
2011-06-07,90.16285
2011-06-08,90.12464
2011-06-09,90.08413
2011-06-10,90.052025
2011-06-13,90.030266
2011-06-14,90.01973
2011-06-15,90.02357
2011-06-16,90.034134
2011-06-17,90.04443
2011-06-20,90.05561
2011-06-21,90.07198
2011-06-22,90.09891
2011-06-23,90.1352
2011-06-24,90.17361
2011-06-27,90.20212
2011-06-28,90.22329
2011-06-29,90.25297
2011-06-30,90.29687
2011-07-01,90.35383
2011-07-05,90.41754
2011-07-06,90.476845
2011-07-07,90.52569
2011-07-08,90.56735
2011-07-11,90.607285
2011-07-12,90.642914
2011-07-13,90.66751
2011-07-14,90.67832
2011-07-15,90.67469
2011-07-18,90.66275
2011-07-19,90.648476
2011-07-20,90.64692
2011-07-21,90.662926
2011-07-22,90.68891
2011-07-25,90.72132
2011-07-26,90.761116
2011-07-27,90.808426
2011-07-28,90.84915
2011-07-29,90.87402
2011-08-01,90.8794
2011-08-02,90.86417
2011-08-03,90.82803
2011-08-04,90.7775
2011-08-05,90.712204
2011-08-08,90.63041
2011-08-09,90.52377
2011-08-10,90.40953
2011-08-11,90.29901
2011-08-12,90.21008
2011-08-15,90.15808
2011-08-16,90.14872
2011-08-17,90.17852
2011-08-18,90.23095
2011-08-19,90.27942
2011-08-22,90.29605
2011-08-23,90.27015
2011-08-24,90.21791
2011-08-25,90.174225
2011-08-26,90.15449
2011-08-29,90.165375
2011-08-30,90.2139
2011-08-31,90.29686
2011-09-01,90.40322
2011-09-02,90.50965
2011-09-06,90.58741
2011-09-07,90.617355
2011-09-08,90.60565
2011-09-09,90.57555
2011-09-12,90.542656
2011-09-13,90.516426
2011-09-14,90.50351
2011-09-15,90.509605
2011-09-16,90.54016
2011-09-19,90.59323
2011-09-20,90.659035
2011-09-21,90.72138
2011-09-22,90.75345
2011-09-23,90.72838
2011-09-26,90.642395
2011-09-27,90.52272
2011-09-28,90.41418
2011-09-29,90.34545
2011-09-30,90.31707
2011-10-03,90.314514
2011-10-04,90.312325
2011-10-05,90.30439
2011-10-06,90.30357
2011-10-07,90.32623
2011-10-10,90.37674
2011-10-11,90.45434
2011-10-12,90.550735
2011-10-13,90.64774
2011-10-14,90.73015
2011-10-17,90.79014
2011-10-18,90.82228
2011-10-19,90.83137
2011-10-20,90.82582
2011-10-21,90.811485
2011-10-24,90.795105
2011-10-25,90.78216
2011-10-26,90.769714
2011-10-27,90.7506
2011-10-28,90.730835
2011-10-31,90.71654
2011-11-01,90.704124
2011-11-02,90.6818
2011-11-03,90.64343
2011-11-04,90.600365
2011-11-07,90.563805
2011-11-08,90.5461
2011-11-09,90.55872
2011-11-10,90.588135
2011-11-11,90.61371
2011-11-14,90.632195
2011-11-15,90.64528
2011-11-16,90.65652
2011-11-17,90.66108
2011-11-18,90.6463
2011-11-21,90.60526
2011-11-22,90.53923
2011-11-23,90.45532
2011-11-25,90.36468
2011-11-28,90.27859
2011-11-29,90.21512
2011-11-30,90.183556
2011-12-01,90.192856
2011-12-02,90.23739
2011-12-05,90.297615
2011-12-06,90.360275
2011-12-07,90.41652
2011-12-08,90.45918
2011-12-09,90.48323
2011-12-12,90.49242
2011-12-13,90.49222
2011-12-14,90.48958
2011-12-15,90.48826
2011-12-16,90.48732
2011-12-19,90.49091
2011-12-20,90.49629
2011-12-21,90.503586
2011-12-22,90.51213
2011-12-23,90.518974
2011-12-27,90.52603
2011-12-28,90.53536
2011-12-29,90.54397
2011-12-30,90.550674
2012-01-03,90.5554
2012-01-04,90.567955
2012-01-05,90.60446
2012-01-06,90.67184
2012-01-09,90.76711
2012-01-10,90.87097
2012-01-11,90.96022
2012-01-12,91.01852
2012-01-13,91.0442
2012-01-17,91.04942
2012-01-18,91.04812
2012-01-19,91.04883
2012-01-20,91.05259
2012-01-23,91.07743
2012-01-24,91.13559
2012-01-25,91.21326
2012-01-26,91.29106
2012-01-27,91.35247
2012-01-30,91.38415
2012-01-31,91.38864
2012-02-01,91.37673
2012-02-02,91.36398
2012-02-03,91.36288
2012-02-06,91.37994
2012-02-07,91.41239
2012-02-08,91.45218
2012-02-09,91.49426
2012-02-10,91.535385
2012-02-13,91.56811
2012-02-14,91.58772
2012-02-15,91.59278
2012-02-16,91.582436
2012-02-17,91.57688
2012-02-21,91.59392
2012-02-22,91.63701
2012-02-23,91.6957
2012-02-24,91.75426
2012-02-27,91.80134
2012-02-28,91.82924
2012-02-29,91.843864
2012-03-01,91.853325
2012-03-02,91.86945
2012-03-05,91.89615
2012-03-06,91.92393
2012-03-07,91.938965
2012-03-08,91.93755
2012-03-09,91.92645
2012-03-12,91.9139
2012-03-13,91.90645
2012-03-14,91.91571
2012-03-15,91.94793
2012-03-16,91.998726
2012-03-19,92.05309
2012-03-20,92.08985
2012-03-21,92.09386
2012-03-22,92.063736
2012-03-23,92.01201
2012-03-26,91.95678
2012-03-27,91.921135
2012-03-28,91.91721
2012-03-29,91.93665
2012-03-30,91.96254
2012-04-02,91.9827
2012-04-03,91.99215
2012-04-04,91.98673
2012-04-05,91.95717
2012-04-09,91.90758
2012-04-10,91.84637
2012-04-11,91.77428
2012-04-12,91.69437
2012-04-13,91.624115
2012-04-16,91.57748
2012-04-17,91.56139
2012-04-18,91.579315
2012-04-19,91.62054
2012-04-20,91.665924
2012-04-23,91.71988
2012-04-24,91.78506
2012-04-25,91.8507
2012-04-26,91.90932
2012-04-27,91.9549
2012-04-30,91.981735
2012-05-01,91.98949
2012-05-02,91.982544
2012-05-03,91.96445
2012-05-04,91.93907
2012-05-07,91.90062
2012-05-08,91.84188
2012-05-09,91.76456
2012-05-10,91.68314
2012-05-11,91.61468
2012-05-14,91.57581
2012-05-15,91.56663
2012-05-16,91.572044
2012-05-17,91.5732
2012-05-18,91.55664
2012-05-21,91.51502
2012-05-22,91.45962
2012-05-23,91.40959
2012-05-24,91.36944
2012-05-25,91.33696
2012-05-29,91.31057
2012-05-30,91.29606
2012-05-31,91.29518
2012-06-01,91.30182
2012-06-04,91.29965
2012-06-05,91.27907
2012-06-06,91.24282
2012-06-07,91.21149
2012-06-08,91.20252
2012-06-11,91.224686
2012-06-12,91.264915
2012-06-13,91.30692
2012-06-14,91.33863
2012-06-15,91.35573
2012-06-18,91.37058
2012-06-19,91.39246
2012-06-20,91.433556
2012-06-21,91.50111
2012-06-22,91.57597
2012-06-25,91.64123
2012-06-26,91.67712
2012-06-27,91.67435
2012-06-28,91.6429
2012-06-29,91.5963
2012-07-02,91.55739
2012-07-03,91.54314
2012-07-05,91.55805
2012-07-06,91.59466
2012-07-09,91.63117
2012-07-10,91.646255
2012-07-11,91.62878
2012-07-12,91.57633
2012-07-13,91.49049
2012-07-16,91.39477
2012-07-17,91.318275
2012-07-18,91.27994
2012-07-19,91.29399
2012-07-20,91.359924
2012-07-23,91.45091
2012-07-24,91.52253
2012-07-25,91.54365
2012-07-26,91.50654
2012-07-27,91.430786
2012-07-30,91.35611
2012-07-31,91.31237
2012-08-01,91.30631
2012-08-02,91.32763
2012-08-03,91.355865
2012-08-06,91.38103
2012-08-07,91.40386
2012-08-08,91.43054
2012-08-09,91.4659
2012-08-10,91.51094
2012-08-13,91.56017
2012-08-14,91.604164
2012-08-15,91.63438
2012-08-16,91.64788
2012-08-17,91.65527
2012-08-20,91.66915
2012-08-21,91.69171
2012-08-22,91.71907
2012-08-23,91.74152
2012-08-24,91.74689
2012-08-27,91.73498
2012-08-28,91.71553
2012-08-29,91.69759
2012-08-30,91.68701
2012-08-31,91.68076
2012-09-04,91.68051
2012-09-05,91.6826
2012-09-06,91.680786
2012-09-07,91.68669
2012-09-10,91.70531
2012-09-11,91.728355
2012-09-12,91.74785
2012-09-13,91.75908
2012-09-14,91.76309
2012-09-17,91.76742
2012-09-18,91.77772
2012-09-19,91.794075
2012-09-20,91.81118
2012-09-21,91.82888
2012-09-24,91.84442
2012-09-25,91.84788
2012-09-26,91.82874
2012-09-27,91.783356
2012-09-28,91.71919
2012-10-01,91.64509
2012-10-02,91.567856
2012-10-03,91.49839
2012-10-04,91.449356
2012-10-05,91.429146
2012-10-08,91.434425
2012-10-09,91.45359
2012-10-10,91.46796
2012-10-11,91.46063
2012-10-12,91.42794
2012-10-15,91.38219
2012-10-16,91.34447
2012-10-17,91.329285
2012-10-18,91.34042
2012-10-19,91.37041
2012-10-22,91.39423
2012-10-23,91.383026
2012-10-24,91.328865
2012-10-25,91.24347
2012-10-26,91.14865
2012-10-31,91.07154
2012-11-01,91.03456
2012-11-02,91.05632
2012-11-05,91.13471
2012-11-06,91.24722
2012-11-07,91.36727
2012-11-08,91.460304
2012-11-09,91.49999
2012-11-12,91.48447
2012-11-13,91.42277
2012-11-14,91.32165
2012-11-15,91.19381
2012-11-16,91.05822
2012-11-19,90.933174
2012-11-20,90.8359
2012-11-21,90.77582
2012-11-23,90.75488
2012-11-26,90.77687
2012-11-27,90.832214
2012-11-28,90.8966
2012-11-29,90.95246
2012-11-30,90.98634
2012-12-03,90.98859
2012-12-04,90.95928
2012-12-05,90.908195
2012-12-06,90.85445
2012-12-07,90.815796
2012-12-10,90.79654
2012-12-11,90.79839
2012-12-12,90.82413
2012-12-13,90.86774
2012-12-14,90.91552
2012-12-17,90.950775
2012-12-18,90.9678
2012-12-19,90.97661
2012-12-20,90.98494
2012-12-21,90.99984
2012-12-24,91.0214
2012-12-26,91.03805
2012-12-27,91.03732
2012-12-28,91.01685
2012-12-31,90.977745
2013-01-02,90.92836
2013-01-03,90.89376
2013-01-04,90.887535
2013-01-07,90.899345
2013-01-08,90.91265
2013-01-09,90.9142
2013-01-10,90.90117
2013-01-11,90.87597
2013-01-14,90.84949
2013-01-15,90.83428
2013-01-16,90.83982
2013-01-17,90.8648
2013-01-18,90.90193
2013-01-22,90.942184
2013-01-23,90.975075
2013-01-24,91.0004
2013-01-25,91.02248
2013-01-28,91.04674
2013-01-29,91.0761
2013-01-30,91.10955
2013-01-31,91.14077
2013-02-01,91.15719
2013-02-04,91.15817
2013-02-05,91.14433
2013-02-06,91.1184
2013-02-07,91.08572
2013-02-08,91.0512
2013-02-11,91.02368
2013-02-12,91.01376
2013-02-13,91.02515
2013-02-14,91.05479
2013-02-15,91.09459
2013-02-19,91.133835
2013-02-20,91.167656
2013-02-21,91.192345
2013-02-22,91.20043
2013-02-25,91.19328
2013-02-26,91.17316
2013-02-27,91.14331
2013-02-28,91.11645
2013-03-01,91.103195
2013-03-04,91.107864
2013-03-05,91.13084
2013-03-06,91.16902
2013-03-07,91.211235
2013-03-08,91.24579
2013-03-11,91.26475
2013-03-12,91.26438
2013-03-13,91.24832
2013-03-14,91.22492
2013-03-15,91.20557
2013-03-18,91.196594
2013-03-19,91.19843
2013-03-20,91.20908
2013-03-21,91.22603
2013-03-22,91.242805
2013-03-25,91.25522
2013-03-26,91.26148
2013-03-27,91.261505
2013-03-28,91.260315
2013-04-01,91.26596
2013-04-02,91.28206
2013-04-03,91.308624
2013-04-04,91.33827
2013-04-05,91.36214
2013-04-08,91.37677
2013-04-09,91.38105
2013-04-10,91.3907
2013-04-11,91.42908
2013-04-12,91.483444
2013-04-15,91.525505
2013-04-16,91.53704
2013-04-17,91.51847
2013-04-18,91.480644
2013-04-19,91.436775
2013-04-22,91.41275
2013-04-23,91.4404
2013-04-24,91.52384
2013-04-25,91.65689
2013-04-26,91.82212
2013-04-29,91.98641
2013-04-30,92.13061
2013-05-01,92.25274
2013-05-02,92.34725
2013-05-03,92.41588
2013-05-06,92.46899
2013-05-07,92.51708
2013-05-08,92.55703
2013-05-09,92.5762
2013-05-10,92.5629
2013-05-13,92.51748
2013-05-14,92.457146
2013-05-15,92.41294
2013-05-16,92.41005
2013-05-17,92.45582
2013-05-20,92.54951
2013-05-21,92.677895
2013-05-22,92.81152
2013-05-23,92.917465
2013-05-24,92.96927
2013-05-28,92.96337
2013-05-29,92.92779
2013-05-30,92.892105
2013-05-31,92.87576
2013-06-03,92.882576
2013-06-04,92.91483
2013-06-05,92.957886
2013-06-06,92.98885
2013-06-07,92.997604
2013-06-10,92.996826
2013-06-11,92.99905
2013-06-12,92.9997
2013-06-13,92.99473
2013-06-14,92.97993
2013-06-17,92.949295
2013-06-18,92.91309
2013-06-19,92.88492
2013-06-20,92.86592
2013-06-21,92.836006
2013-06-24,92.77822
2013-06-25,92.70094
2013-06-26,92.62284
2013-06-27,92.57104
2013-06-28,92.5663
2013-07-01,92.60765
2013-07-02,92.67483
2013-07-03,92.7363
2013-07-05,92.770096
2013-07-08,92.77418
2013-07-09,92.760284
2013-07-10,92.74343
2013-07-11,92.73986
2013-07-12,92.772064
2013-07-15,92.84552
2013-07-16,92.95251
2013-07-17,93.07553
2013-07-18,93.18292
2013-07-19,93.2454
2013-07-22,93.190796
2013-07-23,93.00017
2013-07-24,92.71924
2013-07-25,92.42072
2013-07-26,92.16442
2013-07-29,91.98803
2013-07-30,91.90092
2013-07-31,91.8911
2013-08-01,91.93234
2013-08-02,91.99124
2013-08-05,92.04516
2013-08-06,92.08178
2013-08-07,92.09715
2013-08-08,92.103226
2013-08-09,92.125824
2013-08-12,92.17603
2013-08-13,92.248764
2013-08-14,92.3231
2013-08-15,92.3789
2013-08-16,92.398224
2013-08-19,92.37655
2013-08-20,92.31953
2013-08-21,92.24561
2013-08-22,92.176895
2013-08-23,92.140015
2013-08-26,92.18323
2013-08-27,92.314316
2013-08-28,92.48385
2013-08-29,92.62988
2013-08-30,92.719894
2013-09-03,92.747986
2013-09-04,92.70445
2013-09-05,92.5885
2013-09-06,92.425125
2013-09-09,92.25153
2013-09-10,92.1094
2013-09-11,92.035835
2013-09-12,92.0458
2013-09-13,92.123566
2013-09-16,92.239456
2013-09-17,92.357155
2013-09-18,92.449295
2013-09-19,92.51077
2013-09-20,92.55289
2013-09-23,92.5752
2013-09-24,92.57476
2013-09-25,92.55077
2013-09-26,92.50846
2013-09-27,92.4621
2013-09-30,92.43249
2013-10-01,92.43141
2013-10-02,92.46123
2013-10-03,92.51913
2013-10-04,92.5923
2013-10-07,92.66396
2013-10-08,92.71161
2013-10-09,92.71822
2013-10-10,92.68532
2013-10-11,92.638794
2013-10-14,92.61079
2013-10-15,92.622734
2013-10-16,92.67595
2013-10-17,92.75637
2013-10-18,92.84656
2013-10-21,92.92943
2013-10-22,92.992615
2013-10-23,93.02493
2013-10-24,93.011665
2013-10-25,92.952805
2013-10-28,92.896194
2013-10-29,92.88258
2013-10-30,92.92047
2013-10-31,92.995766
2013-11-01,93.0804
2013-11-04,93.14971
2013-11-05,93.196754
2013-11-06,93.23544
2013-11-07,93.3033
2013-11-08,93.40852
2013-11-11,93.53642
2013-11-12,93.66056
2013-11-13,93.75119
2013-11-14,93.80505
2013-11-15,93.82978
2013-11-18,93.83217
2013-11-19,93.8103
2013-11-20,93.763115
2013-11-21,93.703445
2013-11-22,93.65236
2013-11-25,93.62678
2013-11-26,93.63226
2013-11-27,93.65774
2013-11-29,93.69099
2013-12-02,93.73082
2013-12-03,93.78113
2013-12-04,93.83822
2013-12-05,93.90391
2013-12-06,93.96116
2013-12-09,93.99793
2013-12-10,94.01861
2013-12-11,94.02084
2013-12-12,93.99614
2013-12-13,93.939026
2013-12-16,93.84794
2013-12-17,93.7375
2013-12-18,93.62445
2013-12-19,93.52523
2013-12-20,93.44717
2013-12-23,93.400116
2013-12-24,93.38511
2013-12-26,93.40104
2013-12-27,93.44718
2013-12-30,93.51218
2013-12-31,93.57974
2014-01-02,93.63817
2014-01-03,93.676926
2014-01-06,93.687935
2014-01-07,93.66003
2014-01-08,93.59934
2014-01-09,93.51436
2014-01-10,93.414375
2014-01-13,93.322235
2014-01-14,93.24106
2014-01-15,93.18028
2014-01-16,93.16462
2014-01-17,93.20498
2014-01-21,93.282074
2014-01-22,93.36279
2014-01-23,93.417076
2014-01-24,93.43325
2014-01-27,93.429
2014-01-28,93.41433
2014-01-29,93.3978
2014-01-30,93.393364
2014-01-31,93.410194
2014-02-03,93.46213
2014-02-04,93.52726
2014-02-05,93.57268
2014-02-06,93.57296
2014-02-07,93.52913
2014-02-10,93.46719
2014-02-11,93.41846
2014-02-12,93.40778
2014-02-13,93.445564
2014-02-14,93.52403
2014-02-18,93.62146
2014-02-19,93.71404
2014-02-20,93.78543
2014-02-21,93.83274
2014-02-24,93.86421
2014-02-25,93.88406
2014-02-26,93.89186
2014-02-27,93.88713
2014-02-28,93.87808
2014-03-03,93.88014
2014-03-04,93.892166
2014-03-05,93.91587
2014-03-06,93.94604
2014-03-07,93.973885
2014-03-10,93.98951
2014-03-11,93.98678
2014-03-12,93.97069
2014-03-13,93.95466
2014-03-14,93.9428
2014-03-17,93.93115
2014-03-18,93.92213
2014-03-19,93.94339
2014-03-20,94.005875
2014-03-21,94.11508
2014-03-24,94.25763
2014-03-25,94.41044
2014-03-26,94.54654
2014-03-27,94.63569
2014-03-28,94.65744
2014-03-31,94.63111
2014-04-01,94.600716
2014-04-02,94.60545
2014-04-03,94.65764
2014-04-04,94.738815
2014-04-07,94.80088
2014-04-08,94.807556
2014-04-09,94.75354
2014-04-10,94.66893
2014-04-11,94.57211
2014-04-14,94.47437
2014-04-15,94.38705
2014-04-16,94.32759
2014-04-17,94.315895
2014-04-21,94.347916
2014-04-22,94.40303
2014-04-23,94.45991
2014-04-24,94.49799
2014-04-25,94.510506
2014-04-28,94.50328
2014-04-29,94.503006
2014-04-30,94.5235
2014-05-01,94.56057
2014-05-02,94.596275
2014-05-05,94.60934
2014-05-06,94.58634
2014-05-07,94.52385
2014-05-08,94.43963
2014-05-09,94.36219
2014-05-12,94.31092
2014-05-13,94.29907
2014-05-14,94.33818
2014-05-15,94.418915
2014-05-16,94.50644
2014-05-19,94.572914
2014-05-20,94.604866
2014-05-21,94.60173
2014-05-22,94.58544
2014-05-23,94.57395
2014-05-27,94.57516
2014-05-28,94.59018
2014-05-29,94.61074
2014-05-30,94.63256
2014-06-02,94.66332
2014-06-03,94.7042
2014-06-04,94.741
2014-06-05,94.761665
2014-06-06,94.777824
2014-06-09,94.80672
2014-06-10,94.85085
2014-06-11,94.89996
2014-06-12,94.93734
2014-06-13,94.947136
2014-06-16,94.9365
2014-06-17,94.924995
2014-06-18,94.92962
2014-06-19,94.95572
2014-06-20,94.99511
2014-06-23,95.03784
2014-06-24,95.08026
2014-06-25,95.115295
2014-06-26,95.1421
2014-06-27,95.15742
2014-06-30,95.16867
2014-07-01,95.17431
2014-07-02,95.173615
2014-07-03,95.16921
2014-07-07,95.16181
2014-07-08,95.1555
2014-07-09,95.15004
2014-07-10,95.14194
2014-07-11,95.13003
2014-07-14,95.12249
2014-07-15,95.126755
2014-07-16,95.14923
2014-07-17,95.2171
2014-07-18,95.346855
2014-07-21,95.52747
2014-07-22,95.72961
2014-07-23,95.91698
2014-07-24,96.0608
2014-07-25,96.13937
2014-07-28,96.152534
2014-07-29,96.10881
2014-07-30,96.026505
2014-07-31,95.92501
2014-08-01,95.81629
2014-08-04,95.70664
2014-08-05,95.61282
2014-08-06,95.5434
2014-08-07,95.493126
2014-08-08,95.46379
2014-08-11,95.4557
2014-08-12,95.46443
2014-08-13,95.48886
2014-08-14,95.53508
2014-08-15,95.60505
2014-08-18,95.699425
2014-08-19,95.814606
2014-08-20,95.945885
2014-08-21,96.07353
2014-08-22,96.18087
2014-08-25,96.25704
2014-08-26,96.299065
2014-08-27,96.309
2014-08-28,96.292244
2014-08-29,96.25887
2014-09-02,96.23035
2014-09-03,96.21567
2014-09-04,96.21156
2014-09-05,96.21709
2014-09-08,96.24158
2014-09-09,96.2976
2014-09-10,96.38896
2014-09-11,96.505424
2014-09-12,96.62979
2014-09-15,96.737144
2014-09-16,96.80051
2014-09-17,96.819275
2014-09-18,96.80319
2014-09-19,96.77002
2014-09-22,96.752594
2014-09-23,96.76204
2014-09-24,96.7832
2014-09-25,96.80766
2014-09-26,96.81112
2014-09-29,96.78561
2014-09-30,96.739685
2014-10-01,96.686386
2014-10-02,96.63049
2014-10-03,96.57372
2014-10-06,96.52577
2014-10-07,96.49455
2014-10-08,96.47173
2014-10-09,96.4709
2014-10-10,96.48485
2014-10-13,96.46596
2014-10-14,96.37986
2014-10-15,96.23116
2014-10-16,96.04264
2014-10-17,95.84079
2014-10-20,95.671234
2014-10-21,95.575386
2014-10-22,95.57906
2014-10-23,95.664894
2014-10-24,95.80212
2014-10-27,95.97415
2014-10-28,96.15511
2014-10-29,96.327065
2014-10-30,96.47891
2014-10-31,96.591415
2014-11-03,96.6702
2014-11-04,96.736626
2014-11-05,96.806305
2014-11-06,96.88737
2014-11-07,96.9911
2014-11-10,97.113754
2014-11-11,97.242165
2014-11-12,97.35854
2014-11-13,97.44589
2014-11-14,97.511406
2014-11-17,97.56542
2014-11-18,97.6109
2014-11-19,97.6397
2014-11-20,97.6362
2014-11-21,97.60514
2014-11-24,97.5473
2014-11-25,97.46216
2014-11-26,97.35744
2014-11-28,97.25378
2014-12-01,97.17197
2014-12-02,97.13843
2014-12-03,97.158875
2014-12-04,97.21202
2014-12-05,97.28492
2014-12-08,97.35698
2014-12-09,97.39688
2014-12-10,97.38771
2014-12-11,97.32127
2014-12-12,97.21492
2014-12-15,97.094536
2014-12-16,96.97994
2014-12-17,96.858025
2014-12-18,96.73178
2014-12-19,96.64785
2014-12-22,96.640434
2014-12-23,96.716095
2014-12-24,96.86178
2014-12-26,97.03837
2014-12-29,97.19706
2014-12-30,97.29587
2014-12-31,97.311714
2015-01-02,97.24183
2015-01-05,97.11642
2015-01-06,96.97031
2015-01-07,96.82265
2015-01-08,96.699196
2015-01-09,96.6425
2015-01-12,96.66192
2015-01-13,96.72662
2015-01-14,96.79386
2015-01-15,96.825615
2015-01-16,96.7984
2015-01-20,96.730484
2015-01-21,96.65763
2015-01-22,96.59987
2015-01-23,96.587364
2015-01-26,96.632774
2015-01-27,96.72017
2015-01-28,96.74091
2015-01-29,96.595726
2015-01-30,96.29195
2015-02-02,95.87806
2015-02-03,95.44978
2015-02-04,95.10597
2015-02-05,94.90707
2015-02-06,94.87053
2015-02-09,94.96483
2015-02-10,95.1272
2015-02-11,95.297325
2015-02-12,95.42867
2015-02-13,95.51294
2015-02-17,95.57608
2015-02-18,95.64293
2015-02-19,95.72213
2015-02-20,95.807594
2015-02-23,95.892166
2015-02-24,95.97167
2015-02-25,96.03917
2015-02-26,96.086624
2015-02-27,96.11212
2015-03-02,96.11538
2015-03-03,96.10127
2015-03-04,96.067345
2015-03-05,96.0117
2015-03-06,95.942
2015-03-09,95.85748
2015-03-10,95.77131
2015-03-11,95.685425
2015-03-12,95.60035
2015-03-13,95.50463
2015-03-16,95.40158
2015-03-17,95.3083
2015-03-18,95.24243
2015-03-19,95.22671
2015-03-20,95.26315
2015-03-23,95.34517
2015-03-24,95.454636
2015-03-25,95.56708
2015-03-26,95.63554
2015-03-27,95.62808
2015-03-30,95.54375
2015-03-31,95.40863
2015-04-01,95.25631
2015-04-02,95.1197
2015-04-06,95.013916
2015-04-07,94.963715
2015-04-08,94.977776
2015-04-09,95.03953
2015-04-10,95.1228
2015-04-13,95.2065
2015-04-14,95.27674
2015-04-15,95.32485
2015-04-16,95.36048
2015-04-17,95.39322
2015-04-20,95.41677
2015-04-21,95.447235
2015-04-22,95.492256
2015-04-23,95.552475
2015-04-24,95.62778
2015-04-27,95.79163
2015-04-28,96.0835
2015-04-29,96.49329
2015-04-30,96.96062
2015-05-01,97.39336
2015-05-04,97.71642
2015-05-05,97.88746
2015-05-06,97.89921
2015-05-07,97.76246
2015-05-08,97.53231
2015-05-11,97.300446
2015-05-12,97.12999
2015-05-13,97.04424
2015-05-14,97.03952
2015-05-15,97.11059
2015-05-18,97.226974
2015-05-19,97.3441
2015-05-20,97.426575
2015-05-21,97.45996
2015-05-22,97.44676
2015-05-26,97.392944
2015-05-27,97.30792
2015-05-28,97.22781
2015-05-29,97.17898
2015-06-01,97.1575
2015-06-02,97.15685
2015-06-03,97.16275
2015-06-04,97.16147
2015-06-05,97.13831
2015-06-08,97.08635
2015-06-09,97.00519
2015-06-10,96.90491
2015-06-11,96.821205
2015-06-12,96.77834
2015-06-15,96.77166
2015-06-16,96.77623
2015-06-17,96.777145
2015-06-18,96.77188
2015-06-19,96.77707
2015-06-22,96.79352
2015-06-23,96.81683
2015-06-24,96.83611
2015-06-25,96.83777
2015-06-26,96.817345
2015-06-29,96.77274
2015-06-30,96.693726
2015-07-01,96.579796
2015-07-02,96.452194
2015-07-06,96.336334
2015-07-07,96.25072
2015-07-08,96.20132
2015-07-09,96.18276
2015-07-10,96.18937
2015-07-13,96.21444
2015-07-14,96.266045
2015-07-15,96.34676
2015-07-16,96.44886
2015-07-17,96.57349
2015-07-20,96.71211
2015-07-21,96.85224
2015-07-22,96.98566
2015-07-23,97.06989
2015-07-24,97.088066
2015-07-27,97.04754
2015-07-28,96.95907
2015-07-29,96.84394
2015-07-30,96.745895
2015-07-31,96.70719
2015-08-03,96.73722
2015-08-04,96.819984
2015-08-05,96.93948
2015-08-06,97.07374
2015-08-07,97.18036
2015-08-10,97.23317
2015-08-11,97.241745
2015-08-12,97.21062
2015-08-13,97.156494
2015-08-14,97.09998
2015-08-17,97.06086
2015-08-18,97.05449
2015-08-19,97.08649
2015-08-20,97.135544
2015-08-21,97.15874
2015-08-24,97.082146
2015-08-25,96.8552
2015-08-26,96.47761
2015-08-27,96.053406
2015-08-28,95.719574
2015-08-31,95.55884
2015-09-01,95.572495
2015-09-02,95.67547
2015-09-03,95.80202
2015-09-04,95.913475
2015-09-08,95.97338
2015-09-09,95.99469
2015-09-10,95.99152
2015-09-11,95.97982
2015-09-14,95.97706
2015-09-15,95.98255
2015-09-16,96.005905
2015-09-17,96.05647
2015-09-18,96.128845
2015-09-21,96.19421
2015-09-22,96.24013
2015-09-23,96.2624
2015-09-24,96.26253
2015-09-25,96.24886
2015-09-28,96.23177
2015-09-29,96.20711
2015-09-30,96.17414
2015-10-01,96.152275
2015-10-02,96.16218
2015-10-05,96.22605
2015-10-06,96.36307
2015-10-07,96.56377
2015-10-08,96.79327
2015-10-09,97.02061
2015-10-12,97.21146
2015-10-13,97.33994
2015-10-14,97.39781
2015-10-15,97.391365
2015-10-16,97.34687
2015-10-19,97.302925
2015-10-20,97.28759
2015-10-21,97.31126
2015-10-22,97.35522
2015-10-23,97.41066
2015-10-26,97.562935
2015-10-27,97.88289
2015-10-28,98.34511
2015-10-29,98.86868
2015-10-30,99.34396
2015-11-02,99.67118
2015-11-03,99.81946
2015-11-04,99.83417
2015-11-05,99.788704
2015-11-06,99.744484
2015-11-09,99.745964
2015-11-10,99.78858
2015-11-11,99.83296
2015-11-12,99.84808
2015-11-13,99.81551
2015-11-16,99.72867
2015-11-17,99.62143
2015-11-18,99.52324
2015-11-19,99.4706
2015-11-20,99.48195
2015-11-23,99.554405
2015-11-24,99.665596
2015-11-25,99.78565
2015-11-27,99.87643
2015-11-30,99.92052
2015-12-01,99.92888
2015-12-02,99.93847
2015-12-03,99.97524
2015-12-04,100.02336
2015-12-07,100.09499
2015-12-08,100.192535
2015-12-09,100.302795
2015-12-10,100.390686
2015-12-11,100.437164
2015-12-14,100.41623
2015-12-15,100.34816
2015-12-16,100.26945
2015-12-17,100.22873
2015-12-18,100.24229
2015-12-21,100.26789
2015-12-22,100.27944
2015-12-23,100.27842
2015-12-24,100.28257
2015-12-28,100.301704
2015-12-29,100.34195
2015-12-30,100.4126
2015-12-31,100.50473
2016-01-04,100.582855
2016-01-05,100.60592
2016-01-06,100.56451
2016-01-07,100.45439
2016-01-08,100.25515
2016-01-11,99.98451
2016-01-12,99.68906
2016-01-13,99.43045
2016-01-14,99.22975
2016-01-15,99.11803
2016-01-19,99.061066
2016-01-20,99.006714
2016-01-21,98.93057
2016-01-22,98.82689
2016-01-25,98.74431
2016-01-26,98.71413
2016-01-27,98.74856
2016-01-28,98.8184
2016-01-29,98.90303
2016-02-01,99.04662
2016-02-02,99.26148
2016-02-03,99.486786
2016-02-04,99.64267
2016-02-05,99.68257
2016-02-08,99.571045
2016-02-09,99.31206
2016-02-10,98.95905
2016-02-11,98.59894
2016-02-12,98.30734
2016-02-16,98.141075
2016-02-17,98.13017
2016-02-18,98.280685
2016-02-19,98.5461
2016-02-22,98.84369
2016-02-23,99.114586
2016-02-24,99.29359
2016-02-25,99.35536
2016-02-26,99.33233
2016-02-29,99.25741
2016-03-01,99.15489
2016-03-02,99.08201
2016-03-03,99.082504
2016-03-04,99.14915
2016-03-07,99.243004
2016-03-08,99.304054
2016-03-09,99.30913
2016-03-10,99.289246
2016-03-11,99.26397
2016-03-14,99.2655
2016-03-15,99.31301
2016-03-16,99.41024
2016-03-17,99.55649
2016-03-18,99.73866
2016-03-21,99.90549
2016-03-22,100.021255
2016-03-23,100.07839
2016-03-24,100.08494
2016-03-28,100.06398
2016-03-29,100.02495
2016-03-30,99.99961
2016-03-31,100.01628
2016-04-01,100.08327
2016-04-04,100.194374
2016-04-05,100.32511
2016-04-06,100.42847
2016-04-07,100.48472
2016-04-08,100.48191
2016-04-11,100.42581
2016-04-12,100.335785
2016-04-13,100.244064
2016-04-14,100.19112
2016-04-15,100.19618
2016-04-18,100.25914
2016-04-19,100.37749
2016-04-20,100.53018
2016-04-21,100.669586
2016-04-22,100.762794
2016-04-25,100.71578
2016-04-26,100.5001
2016-04-27,100.14768
2016-04-28,99.72417
2016-04-29,99.29015
2016-05-02,98.90287
2016-05-03,98.619286
2016-05-04,98.44757
2016-05-05,98.368866
2016-05-06,98.35424
2016-05-09,98.38183
2016-05-10,98.42582
2016-05-11,98.48521
2016-05-12,98.561554
2016-05-13,98.65848
2016-05-16,98.762054
2016-05-17,98.86859
2016-05-18,98.95317
2016-05-19,99.00186
2016-05-20,99.004745
2016-05-23,98.97132
2016-05-24,98.90893
2016-05-25,98.861336
2016-05-26,98.87238
2016-05-27,98.94865
2016-05-31,99.07773
2016-06-01,99.24506
2016-06-02,99.42199
2016-06-03,99.57019
2016-06-06,99.65027
2016-06-07,99.65646
2016-06-08,99.60732
2016-06-09,99.53076
2016-06-10,99.445656
2016-06-13,99.363594
2016-06-14,99.26529
2016-06-15,99.134285
2016-06-16,98.97268
2016-06-17,98.81394
2016-06-20,98.68658
2016-06-21,98.60467
2016-06-22,98.591576
2016-06-23,98.64571
2016-06-24,98.76224
2016-06-27,98.878136
2016-06-28,98.909355
2016-06-29,98.84154
2016-06-30,98.72812
2016-07-01,98.64157
2016-07-05,98.62662
2016-07-06,98.68951
2016-07-07,98.81038
2016-07-08,98.95331
2016-07-11,99.10034
2016-07-12,99.24296
2016-07-13,99.38457
2016-07-14,99.529854
2016-07-15,99.67854
2016-07-18,99.82048
2016-07-19,99.94679
2016-07-20,100.03095
2016-07-21,100.115906
2016-07-22,100.234604
2016-07-25,100.40495
2016-07-26,100.6195
2016-07-27,100.84833
2016-07-28,101.0426
2016-07-29,101.16718
2016-08-01,101.22248
2016-08-02,101.225
2016-08-03,101.19804
2016-08-04,101.17202
2016-08-05,101.17523
2016-08-08,101.22853
2016-08-09,101.33082
2016-08-10,101.46406
2016-08-11,101.59723
2016-08-12,101.70877
2016-08-15,101.779465
2016-08-16,101.80738
2016-08-17,101.79581
2016-08-18,101.75877
2016-08-19,101.71442
2016-08-22,101.6776
2016-08-23,101.65704
2016-08-24,101.6585
2016-08-25,101.68086
2016-08-26,101.72117
2016-08-29,101.76863
2016-08-30,101.813126
2016-08-31,101.84308
2016-09-01,101.8438
2016-09-02,101.815216
2016-09-06,101.769516
2016-09-07,101.72046
2016-09-08,101.68055
2016-09-09,101.651726
2016-09-12,101.605644
2016-09-13,101.54366
2016-09-14,101.46793
2016-09-15,101.3801
2016-09-16,101.30867
2016-09-19,101.277115
2016-09-20,101.284256
2016-09-21,101.31406
2016-09-22,101.368484
2016-09-23,101.44583
2016-09-26,101.52724
2016-09-27,101.58266
2016-09-28,101.617966
2016-09-29,101.648
2016-09-30,101.66878
2016-10-03,101.679825
2016-10-04,101.67913
2016-10-05,101.663155
2016-10-06,101.64199
2016-10-07,101.62829
2016-10-10,101.62999
2016-10-11,101.652794
2016-10-12,101.67567
2016-10-13,101.6781
2016-10-14,101.64863
2016-10-17,101.601036
2016-10-18,101.550385
2016-10-19,101.518265
2016-10-20,101.513725
2016-10-21,101.52777
2016-10-24,101.59877
2016-10-25,101.772095
2016-10-26,102.04512
2016-10-27,102.365845
2016-10-28,102.65736
2016-10-31,102.85618
2016-11-01,102.93825
2016-11-02,102.91487
2016-11-03,102.81454
2016-11-04,102.67323
2016-11-07,102.517204
2016-11-08,102.40689
2016-11-09,102.37979
2016-11-10,102.42946
2016-11-11,102.493225
2016-11-14,102.52434
2016-11-15,102.48469
2016-11-16,102.39566
2016-11-17,102.3143
2016-11-18,102.30495
2016-11-21,102.386215
2016-11-22,102.54837
2016-11-23,102.761086
2016-11-25,102.96501
2016-11-28,103.11425
2016-11-29,103.19075
2016-11-30,103.21144
2016-12-01,103.18554
2016-12-02,103.10445
2016-12-05,102.9764
2016-12-06,102.84616
2016-12-07,102.746544
2016-12-08,102.72359
2016-12-09,102.78395
2016-12-12,102.92425
2016-12-13,103.12222
2016-12-14,103.35737
2016-12-15,103.592995
2016-12-16,103.79106
2016-12-19,103.92163
2016-12-20,104.00593
2016-12-21,104.06971
2016-12-22,104.12953
2016-12-23,104.19121
2016-12-27,104.2448
2016-12-28,104.2804
2016-12-29,104.28692
2016-12-30,104.260735
2017-01-03,104.1919
2017-01-04,104.09559
2017-01-05,103.9894
2017-01-06,103.8911
2017-01-09,103.82642
2017-01-10,103.80331
2017-01-11,103.81487
2017-01-12,103.85945
2017-01-13,103.91494
2017-01-17,103.961754
2017-01-18,103.98519
2017-01-19,103.9807
2017-01-20,103.949455
2017-01-23,103.91032
2017-01-24,103.88611
2017-01-25,103.90129
2017-01-26,103.964966
2017-01-27,104.07945
2017-01-30,104.26252
2017-01-31,104.48984
2017-02-01,104.70838
2017-02-02,104.849304
2017-02-03,104.868935
2017-02-06,104.78236
2017-02-07,104.63463
2017-02-08,104.472786
2017-02-09,104.33329
2017-02-10,104.25311
2017-02-13,104.24304
2017-02-14,104.30591
2017-02-15,104.42898
2017-02-16,104.58255
2017-02-17,104.732735
2017-02-21,104.855225
2017-02-22,104.93501
2017-02-23,104.9675
2017-02-24,104.96638
2017-02-27,104.94995
2017-02-28,104.92438
2017-03-01,104.88797
2017-03-02,104.86364
2017-03-03,104.84592
2017-03-06,104.831055
2017-03-07,104.81787
2017-03-08,104.809105
2017-03-09,104.82026
2017-03-10,104.85232
2017-03-13,104.90209
2017-03-14,104.95609
2017-03-15,104.99405
2017-03-16,105.0122
2017-03-17,105.011986
2017-03-20,105.0043
2017-03-21,105.00068
2017-03-22,104.9907
2017-03-23,104.98472
2017-03-24,104.98815
2017-03-27,105.00323
2017-03-28,105.03049
2017-03-29,105.070335
2017-03-30,105.12256
2017-03-31,105.1874
2017-04-03,105.26289
2017-04-04,105.334564
2017-04-05,105.39319
2017-04-06,105.43023
2017-04-07,105.44726
2017-04-10,105.44917
2017-04-11,105.43892
2017-04-12,105.419586
2017-04-13,105.38985
2017-04-17,105.344986
2017-04-18,105.298904
2017-04-19,105.26331
2017-04-20,105.23608
2017-04-21,105.22376
2017-04-24,105.24984
2017-04-25,105.347755
2017-04-26,105.52857
2017-04-27,105.76736
2017-04-28,106.03
2017-05-01,106.28174
2017-05-02,106.51412
2017-05-03,106.71769
2017-05-04,106.87808
2017-05-05,106.98103
2017-05-08,107.02901
2017-05-09,107.033295
2017-05-10,107.012505
2017-05-11,106.99056
2017-05-12,106.96323
2017-05-15,106.92303
2017-05-16,106.87007
2017-05-17,106.84222
2017-05-18,106.819244
2017-05-19,106.7849
2017-05-22,106.733925
2017-05-23,106.68839
2017-05-24,106.672714
2017-05-25,106.69864
2017-05-26,106.78095
2017-05-30,106.921234
2017-05-31,107.1099
2017-06-01,107.30743
2017-06-02,107.48008
2017-06-05,107.64457
2017-06-06,107.82563
2017-06-07,108.033424
2017-06-08,108.25341
2017-06-09,108.44903
2017-06-12,108.551445
2017-06-13,108.51491
2017-06-14,108.36636
2017-06-15,108.15499
2017-06-16,107.9281
2017-06-19,107.72943
2017-06-20,107.60741
2017-06-21,107.55767
2017-06-22,107.563965
2017-06-23,107.602196
2017-06-26,107.67063
2017-06-27,107.74738
2017-06-28,107.78088
2017-06-29,107.75763
2017-06-30,107.65848
2017-07-03,107.502464
2017-07-05,107.30899
2017-07-06,107.127884
2017-07-07,106.987625
2017-07-10,106.920074
2017-07-11,106.94456
2017-07-12,107.049934
2017-07-13,107.2299
2017-07-14,107.47246
2017-07-17,107.76947
2017-07-18,108.10614
2017-07-19,108.44843
2017-07-20,108.76935
2017-07-21,109.05194
2017-07-24,109.2722
2017-07-25,109.41222
2017-07-26,109.4854
2017-07-27,109.51092
2017-07-28,109.48772
2017-07-31,109.41902
2017-08-01,109.310585
2017-08-02,109.17557
2017-08-03,109.026535
2017-08-04,108.87781
2017-08-07,108.75792
2017-08-08,108.67905
2017-08-09,108.65062
2017-08-10,108.660286
2017-08-11,108.6634
2017-08-14,108.65534
2017-08-15,108.66932
2017-08-16,108.72679
2017-08-17,108.83787
2017-08-18,108.96124
2017-08-21,109.05738
2017-08-22,109.09578
2017-08-23,109.09372
2017-08-24,109.06773
2017-08-25,109.03336
2017-08-28,109.00616
2017-08-29,108.99482
2017-08-30,109.0054
2017-08-31,109.05863
2017-09-01,109.176476
2017-09-05,109.33295
2017-09-06,109.48181
2017-09-07,109.58162
2017-09-08,109.63618
2017-09-11,109.65369
2017-09-12,109.665764
2017-09-13,109.69383
2017-09-14,109.75664
2017-09-15,109.84381
2017-09-18,109.947525
2017-09-19,110.05118
2017-09-20,110.145004
2017-09-21,110.210106
2017-09-22,110.21914
2017-09-25,110.170296
2017-09-26,110.053024
2017-09-27,109.87916
2017-09-28,109.6934
2017-09-29,109.53991
2017-10-02,109.46128
2017-10-03,109.47298
2017-10-04,109.550415
2017-10-05,109.664696
2017-10-06,109.81625
2017-10-09,109.99565
2017-10-10,110.18899
2017-10-11,110.37623
2017-10-12,110.540665
2017-10-13,110.687035
2017-10-16,110.82766
2017-10-17,110.9698
2017-10-18,111.10854
2017-10-19,111.23323
2017-10-20,111.34024
2017-10-23,111.44918
2017-10-24,111.5704
2017-10-25,111.701065
2017-10-26,111.82305
2017-10-27,111.92184
2017-10-30,112.11793
2017-10-31,112.47696
2017-11-01,112.96093
2017-11-02,113.481125
2017-11-03,113.96447
2017-11-06,114.35637
2017-11-07,114.636765
2017-11-08,114.80516
2017-11-09,114.8877
2017-11-10,114.906395
2017-11-13,114.88069
2017-11-14,114.83296
2017-11-15,114.78597
2017-11-16,114.73749
2017-11-17,114.68982
2017-11-20,114.62504
2017-11-21,114.53869
2017-11-22,114.46952
2017-11-24,114.430534
2017-11-27,114.424706
2017-11-28,114.4605
2017-11-29,114.55886
2017-11-30,114.675896
2017-12-01,114.78746
2017-12-04,114.87968
2017-12-05,114.863625
2017-12-06,114.711105
2017-12-07,114.481316
2017-12-08,114.24525
2017-12-11,114.105125
2017-12-12,114.14037
2017-12-13,114.364
2017-12-14,114.715645
2017-12-15,115.08669
2017-12-18,115.43794
2017-12-19,115.732956
2017-12-20,115.93618
2017-12-21,116.029106
2017-12-22,116.0218
2017-12-26,115.946976
2017-12-27,115.84326
2017-12-28,115.753716
2017-12-29,115.70578
2018-01-02,115.70148
2018-01-03,115.73893
2018-01-04,115.81547
2018-01-05,115.93714
2018-01-08,116.12193
2018-01-09,116.363
2018-01-10,116.62799
2018-01-11,116.86591
2018-01-12,117.04413
2018-01-16,117.189476
2018-01-17,117.29603
2018-01-18,117.40644
2018-01-19,117.54669
2018-01-22,117.71508
2018-01-23,117.9346
2018-01-24,118.20932
2018-01-25,118.51321
2018-01-26,118.819405
2018-01-29,119.14235
2018-01-30,119.476074
2018-01-31,119.766754
2018-02-01,120.02956
2018-02-02,120.25796
2018-02-05,120.377304
2018-02-06,120.247665
2018-02-07,119.91729
2018-02-08,119.4546
2018-02-09,118.81663
2018-02-12,118.142
2018-02-13,117.59152
2018-02-14,117.275276
2018-02-15,117.257416
2018-02-16,117.55325
2018-02-20,118.066154
2018-02-21,118.67138
2018-02-22,119.212265
2018-02-23,119.584785
2018-02-26,119.8139
2018-02-27,119.99334
2018-02-28,120.16554
2018-03-01,120.33233
2018-03-02,120.45645
2018-03-05,120.516426
2018-03-06,120.52717
2018-03-07,120.50497
2018-03-08,120.48317
2018-03-09,120.50069
2018-03-12,120.62919
2018-03-13,120.8937
2018-03-14,121.19992
2018-03-15,121.43414
2018-03-16,121.534645
2018-03-19,121.50581
2018-03-20,121.34434
2018-03-21,121.089294
2018-03-22,120.78361
2018-03-23,120.405464
2018-03-26,119.88229
2018-03-27,119.418846
2018-03-28,119.048965
2018-03-29,118.77284
2018-04-02,118.62525
2018-04-03,118.53632
2018-04-04,118.472046
2018-04-05,118.483925
2018-04-06,118.60176
2018-04-09,118.75778
2018-04-10,118.895775
2018-04-11,119.035965
2018-04-12,119.16981
2018-04-13,119.33103
2018-04-16,119.521126
2018-04-17,119.751686
2018-04-18,120.063156
2018-04-19,120.464584
2018-04-20,120.91326
2018-04-23,121.31692
2018-04-24,121.61243
2018-04-25,121.71493
2018-04-26,121.58336
2018-04-27,121.30563
2018-04-30,121.040985
2018-05-01,120.84497
2018-05-02,120.769325
2018-05-03,120.77923
2018-05-04,120.83568
2018-05-07,120.92948
2018-05-08,121.07588
2018-05-09,121.26058
2018-05-10,121.48521
2018-05-11,121.760704
2018-05-14,122.06586
2018-05-15,122.37367
2018-05-16,122.63727
2018-05-17,122.82857
2018-05-18,122.9114
2018-05-21,122.88696
2018-05-22,122.81936
2018-05-23,122.76675
2018-05-24,122.794815
2018-05-25,122.916504
2018-05-29,123.10384
2018-05-30,123.30523
2018-05-31,123.49835
2018-06-01,123.664215
2018-06-04,123.84028
2018-06-05,124.07159
2018-06-06,124.38054
2018-06-07,124.757065
2018-06-08,125.120964
2018-06-11,125.417816
2018-06-12,125.603836
2018-06-13,125.67553
2018-06-14,125.64588
2018-06-15,125.56206
2018-06-18,125.43973
2018-06-19,125.31458
2018-06-20,125.21573
2018-06-21,125.18386
2018-06-22,125.213974
2018-06-25,125.26333
2018-06-26,125.2417
2018-06-27,125.11755
2018-06-28,124.861984
2018-06-29,124.52375
2018-07-02,124.18093
2018-07-03,123.93872
2018-07-05,123.82797
2018-07-06,123.8507
2018-07-09,124.0043
2018-07-10,124.27755
2018-07-11,124.63293
2018-07-12,125.01023
2018-07-13,125.40551
2018-07-16,125.83793
2018-07-17,126.28827
2018-07-18,126.74508
2018-07-19,127.162926
2018-07-20,127.48231
2018-07-23,127.71733
2018-07-24,127.93853
2018-07-25,128.1868
2018-07-26,128.54834
2018-07-27,129.01646
2018-07-30,129.48692
2018-07-31,129.80145
2018-08-01,129.88522
2018-08-02,129.74826
2018-08-03,129.49791
2018-08-06,129.25885
2018-08-07,129.12093
2018-08-08,129.13673
2018-08-09,129.31485
2018-08-10,129.61778
2018-08-13,129.96193
2018-08-14,130.24716
2018-08-15,130.44243
2018-08-16,130.51282
2018-08-17,130.45874
2018-08-20,130.31065
2018-08-21,130.0984
2018-08-22,129.83803
2018-08-23,129.58347
2018-08-24,129.39435
2018-08-27,129.32433
2018-08-28,129.41473
2018-08-29,129.67043
2018-08-30,130.09102
2018-08-31,130.62608
2018-09-04,131.20561
2018-09-05,131.7384
2018-09-06,132.07416
2018-09-07,132.1394
2018-09-10,131.92348
2018-09-11,131.53836
2018-09-12,131.18
2018-09-13,130.98378
2018-09-14,131.03775
2018-09-17,131.34662
2018-09-18,131.80785
2018-09-19,132.32071
2018-09-20,132.7558
2018-09-21,133.0741
2018-09-24,133.29451
2018-09-25,133.46214
2018-09-26,133.60934
2018-09-27,133.741
2018-09-28,133.86339
2018-10-01,133.97577
2018-10-02,134.10507
2018-10-03,134.25307
2018-10-04,134.40909
2018-10-05,134.49728
2018-10-08,134.45163
2018-10-09,134.2101
2018-10-10,133.83272
2018-10-11,133.23698
2018-10-12,132.41693
2018-10-15,131.56808
2018-10-16,130.81876
2018-10-17,130.35019
2018-10-18,130.20584
2018-10-19,130.29138
2018-10-22,130.48247
2018-10-23,130.69254
2018-10-24,130.82498
2018-10-25,130.67004
2018-10-26,130.30841
2018-10-29,129.85799
2018-10-30,129.34787
2018-10-31,128.8166
2018-11-01,128.40506
2018-11-02,128.16309
2018-11-05,128.10004
2018-11-06,128.21529
2018-11-07,128.47229
2018-11-08,128.9131
2018-11-09,129.51872
2018-11-12,130.16367
2018-11-13,130.65524
2018-11-14,130.8723
2018-11-15,130.74596
2018-11-16,130.38193
2018-11-19,129.97719
2018-11-20,129.58199
2018-11-21,129.13593
2018-11-23,128.65656
2018-11-26,128.18834
2018-11-27,127.87449
2018-11-28,127.80137
2018-11-29,128.07793
2018-11-30,128.66917
2018-12-03,129.46701
2018-12-04,130.35298
2018-12-06,131.11575
2018-12-07,131.62091
2018-12-10,131.7157
2018-12-11,131.4279
2018-12-12,130.9462
2018-12-13,130.48831
2018-12-14,130.19801
2018-12-17,130.0467
2018-12-18,129.88654
2018-12-19,129.62814
2018-12-20,129.24951
2018-12-21,128.72766
2018-12-24,128.00584
2018-12-26,126.9821
2018-12-27,125.91628
2018-12-28,125.087135
2018-12-31,124.61062
2019-01-02,124.50993
2019-01-03,124.6901
2019-01-04,124.93518
2019-01-07,125.18143
2019-01-08,125.4062
2019-01-09,125.62194
2019-01-10,125.87596
2019-01-11,126.17072
2019-01-14,126.46277
2019-01-15,126.687935
2019-01-16,126.88201
2019-01-17,127.091286
2019-01-18,127.356544
2019-01-22,127.721794
2019-01-23,128.13051
2019-01-24,128.53407
2019-01-25,128.87471
2019-01-28,129.1391
2019-01-29,129.27837
2019-01-30,129.22156
2019-01-31,129.04779
2019-02-01,128.80878
2019-02-04,128.5134
2019-02-05,128.25919
2019-02-06,128.1561
2019-02-07,128.21758
2019-02-08,128.38208
2019-02-11,128.58127
2019-02-12,128.74527
2019-02-13,128.87317
2019-02-14,128.97641
2019-02-15,129.06934
2019-02-19,129.19366
2019-02-20,129.3674
2019-02-21,129.5681
2019-02-22,129.81938
2019-02-25,130.1628
2019-02-26,130.61348
2019-02-27,131.16
2019-02-28,131.74857
2019-03-01,132.30635
2019-03-04,132.78276
2019-03-05,133.14133
2019-03-06,133.35753
2019-03-07,133.43854
2019-03-08,133.38187
2019-03-11,133.21535
2019-03-12,133.0466
2019-03-13,132.98174
2019-03-14,133.0916
2019-03-15,133.37784
2019-03-18,133.81859
2019-03-19,134.39171
2019-03-20,135.04114
2019-03-21,135.68791
2019-03-22,136.32378
2019-03-25,136.85838
2019-03-26,137.23792
2019-03-27,137.45416
2019-03-28,137.50426
2019-03-29,137.4206
2019-04-01,137.282
2019-04-02,137.18878
2019-04-03,137.20596
2019-04-04,137.36577
2019-04-05,137.63371
2019-04-08,137.9603
2019-04-09,138.28995
2019-04-10,138.55928
2019-04-11,138.75146
2019-04-12,138.87495
2019-04-15,138.96419
2019-04-16,139.05179
2019-04-17,139.14816
2019-04-18,139.27565
2019-04-22,139.47939
2019-04-23,139.78076
2019-04-24,140.20366
2019-04-25,140.717
2019-04-26,141.34828
2019-04-29,142.1081
2019-04-30,142.94998
2019-05-01,143.81099
2019-05-02,144.55719
2019-05-03,145.05034
2019-05-06,145.28415
2019-05-07,145.29486
2019-05-08,145.0896
2019-05-09,144.71344
2019-05-10,144.24866
2019-05-13,143.83644
2019-05-14,143.46347
2019-05-15,143.14682
2019-05-16,142.9509
2019-05-17,142.96957
2019-05-20,143.19736
2019-05-21,143.5391
2019-05-22,143.90047
2019-05-23,144.22287
2019-05-24,144.43877
2019-05-28,144.518
2019-05-29,144.46304
2019-05-30,144.28027
2019-05-31,144.02388
2019-06-03,143.70369
2019-06-04,143.22913
2019-06-05,142.6742
2019-06-06,142.2244
2019-06-07,142.04907
2019-06-10,142.28731
2019-06-11,142.94214
2019-06-12,143.90579
2019-06-13,144.98907
2019-06-14,146.02226
2019-06-17,146.87936
2019-06-18,147.49977
2019-06-19,147.92876
2019-06-20,148.24196
2019-06-21,148.5329
2019-06-24,148.85872
2019-06-25,149.24771
2019-06-26,149.5975
2019-06-27,149.81296
2019-06-28,149.8412
2019-07-01,149.69376
2019-07-02,149.47429
2019-07-03,149.30911
2019-07-05,149.28735
2019-07-08,149.42169
2019-07-09,149.6744
2019-07-10,149.9726
2019-07-11,150.27666
2019-07-12,150.56871
2019-07-15,150.84642
2019-07-16,151.10545
2019-07-17,151.29764
2019-07-18,151.35944
2019-07-19,151.27377
2019-07-22,151.07349
2019-07-23,150.86511
2019-07-24,150.7584
2019-07-25,150.8271
2019-07-26,151.07098
2019-07-29,151.46352
2019-07-30,151.93959
2019-07-31,152.40945
2019-08-01,152.70139
2019-08-02,152.73618
2019-08-05,152.49496
2019-08-06,151.91656
2019-08-07,151.11049
2019-08-08,150.26643
2019-08-09,149.65938
2019-08-12,149.38914
2019-08-13,149.38916
2019-08-14,149.6164
2019-08-15,149.90747
2019-08-16,150.10991
2019-08-19,150.19012
2019-08-20,150.23611
2019-08-21,150.29884
2019-08-22,150.43202
2019-08-23,150.6324
2019-08-26,150.77098
2019-08-27,150.78055
2019-08-28,150.66614
2019-08-29,150.46725
2019-08-30,150.30797
2019-09-03,150.26506
2019-09-04,150.31241
2019-09-05,150.43839
2019-09-06,150.6735
2019-09-09,150.99738
2019-09-10,151.32999
2019-09-11,151.56409
2019-09-12,151.6195
2019-09-13,151.52502
2019-09-16,151.34354
2019-09-17,151.11842
2019-09-18,150.91763
2019-09-19,150.81839
2019-09-20,150.9038
2019-09-23,151.15828
2019-09-24,151.51265
2019-09-25,151.84656
2019-09-26,152.10979
2019-09-27,152.28665
2019-09-30,152.34047
2019-10-01,152.29999
2019-10-02,152.16048
2019-10-03,151.86978
2019-10-04,151.47159
2019-10-07,151.09627
2019-10-08,150.81497
2019-10-09,150.61833
2019-10-10,150.54784
2019-10-11,150.62645
2019-10-14,150.85567
2019-10-15,151.19777
2019-10-16,151.63747
2019-10-17,152.1126
2019-10-18,152.54298
2019-10-21,152.81151
2019-10-22,152.86578
2019-10-23,152.66692
2019-10-24,152.2763
2019-10-25,151.87828
2019-10-28,151.64163
2019-10-29,151.69617
2019-10-30,152.04532
2019-10-31,152.6476
2019-11-01,153.3831
2019-11-04,154.11172
2019-11-05,154.74692
2019-11-06,155.23697
2019-11-07,155.55084
2019-11-08,155.68655
2019-11-11,155.72607
2019-11-12,155.75511
2019-11-13,155.84598
2019-11-14,156.03131
2019-11-15,156.3167
2019-11-18,156.71219
2019-11-19,157.20415
2019-11-20,157.74858
2019-11-21,158.28862
2019-11-22,158.75777
2019-11-25,159.10832
2019-11-26,159.35089
2019-11-27,159.53249
2019-11-29,159.6941
2019-12-02,159.83438
2019-12-03,159.88455
2019-12-04,159.78313
2019-12-05,159.5352
2019-12-06,159.19527
2019-12-09,158.88852
2019-12-10,158.70538
2019-12-11,158.67825
2019-12-12,158.80464
2019-12-13,159.08607
2019-12-16,159.51967
2019-12-17,160.07959
2019-12-18,160.68665
2019-12-19,161.23654
2019-12-20,161.66214
2019-12-23,161.96014
2019-12-24,162.1447
2019-12-26,162.23264
2019-12-27,162.26393
2019-12-30,162.2761
2019-12-31,162.26483
2020-01-02,162.22012
2020-01-03,162.19229
2020-01-06,162.18796
2020-01-07,162.20638
2020-01-08,162.2139
2020-01-09,162.2301
2020-01-10,162.31519
2020-01-13,162.49042
2020-01-14,162.77519
2020-01-15,163.13066
2020-01-16,163.51105
2020-01-17,163.91582
2020-01-21,164.34833
2020-01-22,164.77583
2020-01-23,165.13362
2020-01-24,165.37962
2020-01-27,165.46336
2020-01-28,165.31622
2020-01-29,164.97801
2020-01-30,164.58644
2020-01-31,164.36716
2020-02-03,164.41983
2020-02-04,164.80951
2020-02-05,165.59468
2020-02-06,166.68617
2020-02-07,167.95567
2020-02-10,169.2336
2020-02-11,170.4209
2020-02-12,171.42041
2020-02-13,172.19025
2020-02-14,172.72203
2020-02-18,173.02841
2020-02-19,173.14049
2020-02-20,173.10075
2020-02-21,172.94664
2020-02-24,172.64928
2020-02-25,172.10248
2020-02-26,171.1831
2020-02-27,169.84343
2020-02-28,168.00157
2020-03-02,165.81067
2020-03-03,163.86229
2020-03-04,162.47783
2020-03-05,161.89578
2020-03-06,162.08484
2020-03-09,162.76234
2020-03-10,163.42952
2020-03-11,163.86153
2020-03-12,163.8716
2020-03-13,163.06291
2020-03-16,161.74295
2020-03-17,159.86342
2020-03-18,157.79155
2020-03-19,155.8185
2020-03-20,154.23926
2020-03-23,153.0732
2020-03-24,152.26523
2020-03-25,152.02576
2020-03-26,152.37755
2020-03-27,153.40758
2020-03-30,154.88905
2020-03-31,156.68314
2020-04-01,158.6051
2020-04-02,160.3761
2020-04-03,161.80537
2020-04-06,162.70998
2020-04-07,163.22769
2020-04-08,163.51872
2020-04-09,163.73415
2020-04-13,163.95581
2020-04-14,164.2012
2020-04-15,164.58624
2020-04-16,165.12997
2020-04-17,165.8634
2020-04-20,166.76244
2020-04-21,167.68631
2020-04-22,168.39308
2020-04-23,168.78821
2020-04-24,168.82294
2020-04-27,168.55638
2020-04-28,168.09645
2020-04-29,167.49936
2020-04-30,166.95996
2020-05-01,166.68533
2020-05-04,166.70242
2020-05-05,167.02008
2020-05-06,167.602
2020-05-07,168.37411
2020-05-08,169.2323
2020-05-11,170.07767
2020-05-12,170.84486
2020-05-13,171.46445
2020-05-14,171.87982
2020-05-15,172.0684
2020-05-18,172.05338
2020-05-19,171.89806
2020-05-20,171.66019
2020-05-21,171.42033
2020-05-22,171.2179
2020-05-26,171.06953
2020-05-27,170.9535
2020-05-28,170.84712
2020-05-29,170.73123
2020-06-01,170.6203
2020-06-02,170.53078
2020-06-03,170.49977
2020-06-04,170.55363
2020-06-05,170.66824
2020-06-08,170.84679
2020-06-09,171.08733
2020-06-10,171.38342
2020-06-11,171.76985
2020-06-12,172.17381
2020-06-15,172.5309
2020-06-16,172.81674
2020-06-17,173.05716
2020-06-18,173.28299
2020-06-19,173.5286
2020-06-22,173.80573
2020-06-23,174.14816
2020-06-24,174.59084
2020-06-25,175.12662
2020-06-26,175.74464
2020-06-29,176.39934
2020-06-30,177.05069
2020-07-01,177.69073
2020-07-02,178.33241
2020-07-06,178.99359
2020-07-07,179.72243
2020-07-08,180.53226
2020-07-09,181.45
2020-07-10,182.50064
2020-07-13,183.68456
2020-07-14,184.96199
2020-07-15,186.26483
2020-07-16,187.49664
2020-07-17,188.50589
2020-07-20,189.19527
2020-07-21,189.58316
2020-07-22,189.72691
2020-07-23,189.72586
2020-07-24,189.60631
2020-07-27,189.3619
2020-07-28,189.00047
2020-07-29,188.53044
2020-07-30,187.97952
2020-07-31,187.38658
2020-08-03,186.79141
2020-08-04,186.29991
2020-08-05,186.00113
2020-08-06,185.9641
2020-08-07,186.24147
2020-08-10,186.86745
2020-08-11,187.78271
2020-08-12,188.82654
2020-08-13,189.83694
2020-08-14,190.70963
2020-08-17,191.39229
2020-08-18,191.8844
2020-08-19,192.23535
2020-08-20,192.49231
2020-08-21,192.7499
2020-08-24,193.09091
2020-08-25,193.58165
2020-08-26,194.2926
2020-08-27,195.29561
2020-08-28,196.6287
2020-08-31,198.2781
2020-09-01,200.18907
2020-09-02,202.27148
2020-09-03,204.45581
2020-09-04,206.61555
2020-09-08,208.6901
2020-09-09,210.45679
2020-09-10,211.73161
2020-09-11,212.41908
2020-09-14,212.53908
2020-09-15,212.15355
2020-09-16,211.459
2020-09-17,210.60739
2020-09-18,209.67795
2020-09-21,208.68268
2020-09-22,207.65062
2020-09-23,206.68214
2020-09-24,205.792
2020-09-25,204.9911
2020-09-28,204.33112
2020-09-29,203.87285
2020-09-30,203.63286
2020-10-01,203.62498
2020-10-02,203.86684
2020-10-05,204.29701
2020-10-06,204.88037
2020-10-07,205.51866
2020-10-08,206.15195
2020-10-09,206.75581
2020-10-12,207.38835
2020-10-13,208.16667
2020-10-14,209.15544
2020-10-15,210.29843
2020-10-16,211.55255
2020-10-19,212.82486
2020-10-20,214.03871
2020-10-21,215.1271
2020-10-22,216.02422
2020-10-23,216.67961
2020-10-26,217.10374
2020-10-27,217.27304
2020-10-28,217.23299
2020-10-29,216.93892
2020-10-30,216.39813
2020-11-02,215.65144
2020-11-03,214.75008
2020-11-04,213.74658
2020-11-05,212.81808
2020-11-06,212.23311
2020-11-09,212.11852
2020-11-10,212.43666
2020-11-11,213.06511
2020-11-12,213.87988
2020-11-13,214.77534
2020-11-16,215.65839
2020-11-17,216.46103
2020-11-18,217.11934
2020-11-19,217.55215
2020-11-20,217.7346
2020-11-23,217.67128
2020-11-24,217.39972
2020-11-25,217.01236
2020-11-27,216.60977
2020-11-30,216.28448
2020-12-01,216.08597
2020-12-02,216.05363
2020-12-03,216.1876
2020-12-04,216.44284
2020-12-07,216.76707
2020-12-08,217.11604
2020-12-09,217.46446
2020-12-10,217.74696
2020-12-11,217.89754
2020-12-14,217.91238
2020-12-15,217.8279
2020-12-16,217.69032
2020-12-17,217.59671
2020-12-18,217.61525
2020-12-21,217.76169
2020-12-22,218.02562
2020-12-23,218.36763
2020-12-24,218.74956
2020-12-28,219.14005
2020-12-29,219.51927
2020-12-30,219.87369
2020-12-31,220.19295
2021-01-04,220.47197
2021-01-05,220.70607
2021-01-06,220.86816
2021-01-07,220.89043
2021-01-08,220.76738
2021-01-11,220.55798
2021-01-12,220.31387
2021-01-13,220.05234
2021-01-14,219.80054
2021-01-15,219.5468
2021-01-19,219.27504
2021-01-20,219.01932
2021-01-21,218.88084
2021-01-22,218.8924
2021-01-25,219.0373
2021-01-26,219.28642
2021-01-27,219.62686
2021-01-28,220.05301
2021-01-29,220.58154
2021-02-01,221.17096
2021-02-02,221.80063
2021-02-03,222.44218
2021-02-04,223.09982
2021-02-05,223.75258
2021-02-08,224.37349
2021-02-09,224.93552
2021-02-10,225.42891
2021-02-11,225.84435
2021-02-12,226.19034
2021-02-16,226.48418
2021-02-17,226.73213
2021-02-18,226.94539
2021-02-19,227.13104
2021-02-22,227.27194
2021-02-23,227.3163
2021-02-24,227.24185
2021-02-25,227.05911
2021-02-26,226.78284
2021-03-01,226.43967
2021-03-02,226.06808
2021-03-03,225.70084
2021-03-04,225.34705
2021-03-05,225.01079
2021-03-08,224.70114
2021-03-09,224.41817
2021-03-10,224.171
2021-03-11,223.96553
2021-03-12,223.81586
2021-03-15,223.73854
2021-03-16,223.73358
2021-03-17,223.80276
2021-03-18,223.93428
2021-03-19,224.07042
2021-03-22,224.16608
2021-03-23,224.21367
2021-03-24,224.22559
2021-03-25,224.21397
2021-03-26,224.18246
2021-03-29,224.14041
2021-03-30,224.09554
2021-03-31,224.04692
2021-04-01,223.99896
2021-04-05,223.98529
2021-04-06,224.09999
2021-04-07,224.45828
2021-04-08,225.13795
2021-04-09,226.20311
2021-04-12,227.63722
2021-04-13,229.35243
2021-04-14,231.25975
2021-04-15,233.17656
2021-04-16,234.98225
2021-04-19,236.60808
2021-04-20,237.98175
2021-04-21,239.05411
2021-04-22,239.84201
2021-04-23,240.34955
2021-04-26,240.64868
2021-04-27,240.82916
2021-04-28,240.9743
2021-04-29,241.05
2021-04-30,240.98329
2021-05-03,240.73526
2021-05-04,240.28648
2021-05-05,239.64098
2021-05-06,238.79497
2021-05-07,237.81696
2021-05-10,236.83536
2021-05-11,235.90836
2021-05-12,235.05898
2021-05-13,234.23482
2021-05-14,233.42108
2021-05-17,232.66803
2021-05-18,232.0057
2021-05-19,231.43298
2021-05-20,230.94357
2021-05-21,230.55685
2021-05-24,230.28073
2021-05-25,230.17915
2021-05-26,230.3177
2021-05-27,230.70778
2021-05-28,231.26685
2021-06-01,231.90341
2021-06-02,232.50581
2021-06-03,232.98212
2021-06-04,233.25342
2021-06-07,233.3462
2021-06-08,233.36694
2021-06-09,233.4089
2021-06-10,233.53886
2021-06-11,233.82559
2021-06-14,234.331
2021-06-15,235.0725
2021-06-16,236.01553
2021-06-17,237.0632
2021-06-18,238.15091
2021-06-21,239.19731
2021-06-22,240.18279
2021-06-23,241.1519
2021-06-24,242.1402
2021-06-25,243.17953
2021-06-28,244.22943
2021-06-29,245.29626
2021-06-30,246.4325
2021-07-01,247.65103
2021-07-02,248.9329
2021-07-06,250.34506
2021-07-07,251.89697
2021-07-08,253.59663
2021-07-09,255.3701
2021-07-12,257.11023
2021-07-13,258.70752
2021-07-14,260.1276
2021-07-15,261.38846
2021-07-16,262.4963
2021-07-19,263.44733
2021-07-20,264.18817
2021-07-21,264.693
2021-07-22,265.0141
2021-07-23,265.30087
2021-07-26,265.722
2021-07-27,266.38516
2021-07-28,267.27646
2021-07-29,268.3071
2021-07-30,269.3649
2021-08-02,270.3233
2021-08-03,271.08743
2021-08-04,271.64053
2021-08-05,271.99893
2021-08-06,272.24112
2021-08-09,272.45
2021-08-10,272.66806
2021-08-11,272.88034
2021-08-12,273.06436
2021-08-13,273.24628
2021-08-16,273.50348
2021-08-17,273.92477
2021-08-18,274.52985
2021-08-19,275.25198
2021-08-20,276.09595
2021-08-23,277.1783
2021-08-24,278.57364
2021-08-25,280.2339
2021-08-26,282.02908
2021-08-27,283.75858
2021-08-30,285.25128
2021-08-31,286.46375
2021-09-01,287.38403
2021-09-02,288.0265
2021-09-03,288.41492
2021-09-07,288.58817
2021-09-08,288.5816
2021-09-09,288.43842
2021-09-10,288.16006
2021-09-13,287.73026
2021-09-14,287.17673
2021-09-15,286.60028
2021-09-16,286.18896
2021-09-17,286.0953
2021-09-20,286.2974
2021-09-21,286.60114
2021-09-22,286.81418
2021-09-23,286.8747
2021-09-24,286.8097
2021-09-27,286.67404
2021-09-28,286.43878
2021-09-29,285.91275
2021-09-30,284.98105
2021-10-01,283.60968
2021-10-04,281.9494
2021-10-05,280.13446
2021-10-06,278.36453
2021-10-07,276.891
2021-10-08,275.94107
2021-10-11,275.63037
2021-10-12,275.9354
2021-10-13,276.70746
2021-10-14,277.79764
2021-10-15,279.15213
2021-10-18,280.73322
2021-10-19,282.51746
2021-10-20,284.4569
2021-10-21,286.44992
2021-10-22,288.4265
2021-10-25,290.29367
2021-10-26,291.94763
2021-10-27,293.3403
2021-10-28,294.66284
2021-10-29,296.11923
2021-11-01,297.93384
2021-11-02,300.1585
2021-11-03,302.7601
2021-11-04,305.62302
2021-11-05,308.60968
2021-11-08,311.55106
2021-11-09,314.29425
2021-11-10,316.69843
2021-11-11,318.58484
2021-11-12,319.87155
2021-11-15,320.63794
2021-11-16,321.01123
2021-11-17,321.17725
2021-11-18,321.3001
2021-11-19,321.52087
2021-11-22,321.94482
2021-11-23,322.55313
2021-11-24,323.23593
2021-11-26,323.87955
2021-11-29,324.26514
2021-11-30,324.35315
2021-12-01,324.09485
2021-12-02,323.4849
2021-12-03,322.57077
2021-12-06,321.34015
2021-12-07,319.87723
2021-12-08,318.46286
2021-12-09,317.36786
2021-12-10,316.73068
2021-12-13,316.7219
2021-12-14,317.35242
2021-12-15,318.3283
2021-12-16,319.41412
2021-12-17,320.27634
2021-12-20,320.64877
2021-12-21,320.3487
2021-12-22,319.4754
2021-12-23,318.34927
2021-12-27,317.31836
2021-12-28,316.75623
2021-12-29,316.86847
2021-12-30,317.68338
2021-12-31,319.0401
2022-01-03,320.64474
2022-01-04,322.18698
2022-01-05,323.33838
2022-01-06,323.6748
2022-01-07,322.93698
2022-01-10,321.1223
2022-01-11,318.44684
2022-01-12,315.25702
2022-01-13,311.97897
2022-01-14,308.80038
2022-01-18,305.8991
2022-01-19,303.30743
2022-01-20,301.02423
2022-01-21,299.021
2022-01-24,297.1883
2022-01-25,295.44345
2022-01-26,293.64294
2022-01-27,291.81985
2022-01-28,290.13034
2022-01-31,288.8669
2022-02-01,288.29807
2022-02-02,288.501
2022-02-03,289.4664
2022-02-04,290.86368
2022-02-07,292.38223
2022-02-08,293.69574
2022-02-09,294.63162
2022-02-10,295.24698
2022-02-11,295.5221
2022-02-14,295.32538
2022-02-15,294.58954
2022-02-16,293.43912
2022-02-17,292.06873
2022-02-18,290.54465
2022-02-22,288.87527
2022-02-23,287.08633
2022-02-24,285.14682
2022-02-25,283.23962
2022-02-28,281.6419
2022-03-01,280.60168
2022-03-02,280.1964
2022-03-03,280.44318
2022-03-04,281.19623
2022-03-07,282.1388
2022-03-08,282.79453
2022-03-09,282.80347
2022-03-10,282.17816
2022-03-11,281.0669
2022-03-14,279.60312
2022-03-15,277.84622
2022-03-16,276.07138
2022-03-17,274.61307
2022-03-18,273.76663
2022-03-21,273.7697
2022-03-22,274.6593
2022-03-23,276.369
2022-03-24,278.63388
2022-03-25,281.19717
2022-03-28,283.80444
2022-03-29,286.34875
2022-03-30,288.83954
2022-03-31,291.25247
2022-04-01,293.43967
2022-04-04,295.27188
2022-04-05,296.76224
2022-04-06,297.90488
2022-04-07,298.5168
2022-04-08,298.49417
2022-04-11,297.78796
2022-04-12,296.328
2022-04-13,294.13617
2022-04-14,291.40906
2022-04-18,288.2754
2022-04-19,284.9202
2022-04-20,281.64835
2022-04-21,278.7484
2022-04-22,276.35184
2022-04-25,274.40265
2022-04-26,272.87537
2022-04-27,271.60095
2022-04-28,270.5848
2022-04-29,269.9686
2022-05-02,269.69046
2022-05-03,269.7121
2022-05-04,269.94177
2022-05-05,270.39572
2022-05-06,270.898
2022-05-09,271.2247
2022-05-10,271.0523
2022-05-11,270.1513
2022-05-12,268.45242
2022-05-13,266.0261
2022-05-16,263.12402
2022-05-17,260.03058
2022-05-18,257.06458
2022-05-19,254.35168
2022-05-20,251.92697
2022-05-23,249.78676
2022-05-24,248.00256
2022-05-25,246.6375
2022-05-26,245.77704
2022-05-27,245.53185
2022-05-31,246.02434
2022-06-01,247.21407
2022-06-02,248.92963
2022-06-03,251.00093
2022-06-06,253.17532
2022-06-07,255.1853
2022-06-08,256.87286
2022-06-09,258.10043
2022-06-10,258.6915
2022-06-13,258.43076
2022-06-14,257.26172
2022-06-15,255.3701
2022-06-16,253.01646
2022-06-17,250.40944
2022-06-21,247.70303
2022-06-22,245.10043
2022-06-23,242.82617
2022-06-24,241.14394
2022-06-27,240.33163
2022-06-28,240.54245
2022-06-29,241.53801
2022-06-30,243.01755
2022-07-01,244.6231
2022-07-05,246.02773
2022-07-06,247.10872
2022-07-07,247.91364
2022-07-08,248.5736
2022-07-11,249.19136
2022-07-12,249.75372
2022-07-13,250.01125
2022-07-14,249.7994
2022-07-15,249.1039
2022-07-18,248.05464
2022-07-19,246.80115
2022-07-20,245.52687
2022-07-21,244.42369
2022-07-22,243.69467
2022-07-25,243.41666
2022-07-26,243.54048
2022-07-27,243.80272
2022-07-28,244.24603
2022-07-29,245.13826
2022-08-01,246.64445
2022-08-02,248.71965
2022-08-03,251.18565
2022-08-04,253.91258
2022-08-05,256.77005
2022-08-08,259.6025
2022-08-09,262.2152
2022-08-10,264.47424
2022-08-11,266.4114
2022-08-12,268.0665
2022-08-15,269.54678
2022-08-16,270.96606
2022-08-17,272.38046
2022-08-18,273.77844
2022-08-19,275.09042
2022-08-22,276.1744
2022-08-23,276.8056
2022-08-24,276.8412
2022-08-25,276.19766
2022-08-26,274.97552
2022-08-29,273.196
2022-08-30,270.92865
2022-08-31,268.26886
2022-09-01,265.364
2022-09-02,262.37607
2022-09-06,259.4174
2022-09-07,256.5537
2022-09-08,253.89455
2022-09-09,251.54956
2022-09-12,249.68279
2022-09-13,248.49883
2022-09-14,247.82697
2022-09-15,247.39342
2022-09-16,246.87636
2022-09-19,246.09619
2022-09-20,245.02612
2022-09-21,243.70065
2022-09-22,242.13348
2022-09-23,240.41217
2022-09-26,238.6487
2022-09-27,236.92499
2022-09-28,235.29524
2022-09-29,233.81741
2022-09-30,232.52374
2022-10-03,231.4025
2022-10-04,230.47557
2022-10-05,229.83958
2022-10-06,229.61502
2022-10-07,229.83221
2022-10-10,230.22926
2022-10-11,230.50633
2022-10-12,230.5136
2022-10-13,230.2357
2022-10-14,229.74698
2022-10-17,229.12868
2022-10-18,228.46071
2022-10-19,227.8105
2022-10-20,227.23883
2022-10-21,226.79553
2022-10-24,226.54959
2022-10-25,226.62276
2022-10-26,227.15277
2022-10-27,227.89061
2022-10-28,228.4923
2022-10-31,228.83568
2022-11-01,228.89479
2022-11-02,228.70403
2022-11-03,228.32568
2022-11-04,227.78197
2022-11-07,227.10165
2022-11-08,226.39104
2022-11-09,225.72134
2022-11-10,225.12874
2022-11-11,224.66449
2022-11-14,224.49724
2022-11-15,224.7742
2022-11-16,225.54135
2022-11-17,226.7039
2022-11-18,228.05984
2022-11-21,229.3923
2022-11-22,230.53238
2022-11-23,231.41322
2022-11-25,232.05019
2022-11-28,232.48665
2022-11-29,232.70851
2022-11-30,232.70392
2022-12-01,232.6358
2022-12-02,232.70715
2022-12-05,233.02992
2022-12-06,233.59546
2022-12-07,234.24681
2022-12-08,234.80663
2022-12-09,235.19266
2022-12-12,235.36394
2022-12-13,235.39937
2022-12-14,235.46065
2022-12-15,235.7021
2022-12-16,236.08998
2022-12-19,236.4792
2022-12-20,236.67693
2022-12-21,236.60022
2022-12-22,236.23683
2022-12-23,235.62158
2022-12-27,234.81953
2022-12-28,233.8938
2022-12-29,232.90579
2022-12-30,231.92763
2023-01-03,231.02553
2023-01-04,230.25679
2023-01-05,229.58104
2023-01-06,228.93758
2023-01-09,228.3006
2023-01-10,227.6679
2023-01-11,227.05228
2023-01-12,226.48706
2023-01-13,226.0141
2023-01-17,225.70248
2023-01-18,225.62398
2023-01-19,225.75865
2023-01-20,225.99744
2023-01-23,226.29845
2023-01-24,226.66292
2023-01-25,227.08612
2023-01-26,227.52998
2023-01-27,228.03947
2023-01-30,228.66301
2023-01-31,229.33507
2023-02-01,230.03131
2023-02-02,230.78358
2023-02-03,231.8038
2023-02-06,233.17966
2023-02-07,234.86284
2023-02-08,236.91286
2023-02-09,239.27792
2023-02-10,241.78131
2023-02-13,244.2142
2023-02-14,246.5248
2023-02-15,248.71545
2023-02-16,250.74623
2023-02-17,252.39328
2023-02-21,253.39458
2023-02-22,253.5689
2023-02-23,252.93503
2023-02-24,251.69028
2023-02-27,250.04669
2023-02-28,248.18515
2023-03-01,246.24855
2023-03-02,244.32729
2023-03-03,242.54315
2023-03-06,241.09439
2023-03-07,240.12119
2023-03-08,239.65536
2023-03-09,239.642
2023-03-10,239.95236
2023-03-13,240.36172
2023-03-14,240.75143
2023-03-15,241.1672
2023-03-16,241.77626
2023-03-17,242.93248
2023-03-20,244.79424
2023-03-21,247.22137
2023-03-22,250.01321
2023-03-23,252.9016
2023-03-24,255.70863
2023-03-27,258.34802
2023-03-28,260.6973
2023-03-29,262.64114
2023-03-30,264.1893
2023-03-31,265.45282
2023-04-03,266.61212
2023-04-04,267.79562
2023-04-05,269.05777
2023-04-06,270.33942
2023-04-10,271.661
2023-04-11,273.00507
2023-04-12,274.21304
2023-04-13,275.14383
2023-04-14,275.8207
2023-04-17,276.26898
2023-04-18,276.56235
2023-04-19,276.77237
2023-04-20,276.95563
2023-04-21,277.1123
2023-04-24,277.2215
2023-04-25,277.20615
2023-04-26,276.9284
2023-04-27,276.57855
2023-04-28,276.55975
2023-05-01,277.2469
2023-05-02,278.77597
2023-05-03,281.05545
2023-05-04,283.82144
2023-05-05,286.76624
2023-05-08,289.68967
2023-05-09,292.40817
2023-05-10,294.7521
2023-05-11,296.69635
2023-05-12,298.2374
2023-05-15,299.3735
2023-05-16,300.13358
2023-05-17,300.60855
2023-05-18,300.94662
2023-05-19,301.34717
2023-05-22,301.94485
2023-05-23,302.8304
2023-05-24,303.91214
2023-05-25,305.0165
2023-05-26,306.18045
2023-05-30,307.57837
2023-05-31,309.29037
2023-06-01,311.23422
2023-06-02,313.32007
2023-06-05,315.4807
2023-06-06,317.6402
2023-06-07,319.67004
2023-06-08,321.2797
2023-06-09,322.2737
2023-06-12,322.61932
2023-06-13,322.48648
2023-06-14,322.13504
2023-06-15,321.84244
2023-06-16,321.97253
2023-06-20,322.6597
2023-06-21,323.79218
2023-06-22,325.0774
2023-06-23,326.33755
2023-06-26,327.39352
2023-06-27,328.0188
2023-06-28,328.18256
2023-06-29,327.98434
2023-06-30,327.55408
2023-07-03,327.10425
2023-07-05,326.77145
2023-07-06,326.62228
2023-07-07,326.71576
2023-07-10,326.99915
2023-07-11,327.29605
2023-07-12,327.45844
2023-07-13,327.4813
2023-07-14,327.5008
2023-07-17,327.6889
2023-07-18,328.15823
2023-07-19,329.1651
2023-07-20,330.7671
2023-07-21,332.70767
2023-07-24,334.6104
2023-07-25,336.18842
2023-07-26,337.37918
2023-07-27,338.00323
2023-07-28,337.84012
2023-07-31,336.9363
2023-08-01,335.4501
2023-08-02,333.61386
2023-08-03,331.52875
2023-08-04,329.27542
2023-08-07,326.98395
2023-08-08,324.84714
2023-08-09,322.9729
2023-08-10,321.35297
2023-08-11,319.96494
2023-08-14,318.75992
2023-08-15,317.75375
2023-08-16,316.9373
2023-08-17,316.27823
2023-08-18,315.68158
2023-08-21,315.06116
2023-08-22,314.46878
2023-08-23,313.99545
2023-08-24,313.77997
2023-08-25,313.79346
2023-08-28,313.99146
2023-08-29,314.32816
2023-08-30,314.82718
2023-08-31,315.5036
2023-09-01,316.3166
2023-09-05,317.20825
2023-09-06,318.18906
2023-09-07,319.24692
2023-09-08,320.29166
2023-09-11,321.29324
2023-09-12,322.2938
2023-09-13,323.22382
2023-09-14,324.0644
2023-09-15,324.85352
2023-09-18,325.488
2023-09-19,325.84433
2023-09-20,325.84735
2023-09-21,325.35892
2023-09-22,324.30508
2023-09-25,322.69852
2023-09-26,320.6644
2023-09-27,318.31458
2023-09-28,315.80484
2023-09-29,313.3317
2023-10-02,311.11978
2023-10-03,309.44647
2023-10-04,308.36008
2023-10-05,307.87283
2023-10-06,307.93597
2023-10-09,308.56857
2023-10-10,309.7736
2023-10-11,311.4408
2023-10-12,313.45007
2023-10-13,315.62366
2023-10-16,317.7127
2023-10-17,319.58197
2023-10-18,321.15112
2023-10-19,322.35175
2023-10-20,323.17624
2023-10-23,323.58304
2023-10-24,323.61328
2023-10-25,323.3749
2023-10-26,323.15067
2023-10-27,322.9808
2023-10-30,322.85086
2023-10-31,322.85464
2023-11-01,323.0859
2023-11-02,323.70898
2023-11-03,324.84808
2023-11-06,326.57068
2023-11-07,328.88556
2023-11-08,331.75284
2023-11-09,335.06265
2023-11-10,338.55914
2023-11-13,342.11557
2023-11-14,345.5486
2023-11-15,348.7372
2023-11-16,351.5816
2023-11-17,354.12396
2023-11-20,356.28873
2023-11-21,358.13315
2023-11-22,359.6449
2023-11-24,360.88864
2023-11-27,361.92245
2023-11-28,362.80408
2023-11-29,363.6444
2023-11-30,364.4464
2023-12-01,365.17096
2023-12-04,365.69485
2023-12-05,365.83005
2023-12-06,365.5373
2023-12-07,364.81937
2023-12-08,363.7797
2023-12-11,362.61572
2023-12-12,361.4708
2023-12-13,360.5
2023-12-14,359.81314
2023-12-15,359.3069
2023-12-18,358.93082
2023-12-19,358.69736
2023-12-20,358.63336
2023-12-21,358.6985
2023-12-22,358.8858
2023-12-26,359.20352
2023-12-27,359.64465
2023-12-28,360.1686
2023-12-29,360.74307
2024-01-02,361.3468
2024-01-03,361.858
2024-01-04,362.16687
2024-01-05,362.17355
2024-01-08,361.84222
2024-01-09,361.32568
2024-01-10,360.8253
2024-01-11,360.62036
2024-01-12,360.93137
2024-01-16,361.897
2024-01-17,363.53705
2024-01-18,365.7069
2024-01-19,368.25095
2024-01-22,371.06656
2024-01-23,373.96085
2024-01-24,376.75937
2024-01-25,379.37466
2024-01-26,381.77756
2024-01-29,383.91196
2024-01-30,385.8257
2024-01-31,387.53284
2024-02-01,388.80237
2024-02-02,389.55865
2024-02-05,389.97394
2024-02-06,390.1408
2024-02-07,390.11188
2024-02-08,390.09396
2024-02-09,390.26096
2024-02-12,390.81302
2024-02-13,391.72687
2024-02-14,392.6952
2024-02-15,393.4963
2024-02-16,393.95987
2024-02-20,393.96695
2024-02-21,393.47885
2024-02-22,392.54648
2024-02-23,391.46304
2024-02-26,390.50128
2024-02-27,389.7846
2024-02-28,389.34274
2024-02-29,389.1563
2024-03-01,389.29062
2024-03-04,389.81088
2024-03-05,390.692
2024-03-06,391.59988
2024-03-07,392.20834
2024-03-08,392.46774
2024-03-11,392.39584
2024-03-12,392.02267
2024-03-13,391.61356
2024-03-14,391.41382
2024-03-15,391.75082
2024-03-18,392.61932
2024-03-19,393.86078
2024-03-20,395.35422
2024-03-21,397.0412
2024-03-22,398.91632
2024-03-25,400.90842
2024-03-26,402.7786
2024-03-27,404.2793
2024-03-28,405.25528
2024-04-01,405.65155
2024-04-02,405.58273
2024-04-03,405.15564
2024-04-04,404.4611
2024-04-05,403.5511
2024-04-08,402.6331
2024-04-09,401.88416
2024-04-10,401.43808
2024-04-11,401.29306
2024-04-12,401.47107
2024-04-15,401.8365
2024-04-16,402.07388
2024-04-17,401.96588
2024-04-18,401.4033
2024-04-19,400.25793
2024-04-22,398.44965
2024-04-23,396.07623
2024-04-24,393.46332
2024-04-25,390.99255
2024-04-26,388.7941
2024-04-29,387.0329
2024-04-30,385.7528
2024-05-01,384.68845
2024-05-02,383.69113
2024-05-03,382.7678
2024-05-06,382.14194
2024-05-07,382.14447
2024-05-08,382.87082
2024-05-09,384.24405
2024-05-10,386.10272
2024-05-13,388.27335
2024-05-14,390.539
2024-05-15,392.7496
2024-05-16,394.91904
2024-05-17,397.0065
2024-05-20,398.9128
2024-05-21,400.63428
2024-05-22,402.24234
2024-05-23,403.7991
2024-05-24,405.23907
2024-05-28,406.52222
2024-05-29,407.6186
2024-05-30,408.47986
2024-05-31,408.7973
2024-06-03,408.3727
2024-06-04,407.16733
2024-06-05,405.36597
2024-06-06,403.37582
2024-06-07,401.59567
2024-06-10,400.28558
2024-06-11,399.6319
2024-06-12,399.77454
2024-06-13,400.88126
2024-06-14,402.92798
2024-06-17,405.7073
2024-06-18,408.99722
2024-06-20,412.4729
2024-06-21,415.7837
2024-06-24,418.723
2024-06-25,421.1263
2024-06-26,422.96094
2024-06-27,424.2783
2024-06-28,425.16376
2024-07-01,425.5924
2024-07-02,425.73425
2024-07-03,425.82315
2024-07-05,426.0454
2024-07-08,426.60718
2024-07-09,427.56143
2024-07-10,428.69934
2024-07-11,429.89722
2024-07-12,430.8559
2024-07-15,431.3205
2024-07-16,431.20026
2024-07-17,430.46545
2024-07-18,429.0856
2024-07-19,427.08536
2024-07-22,424.54865
2024-07-23,421.76447
2024-07-24,419.10547
2024-07-25,416.5869
2024-07-26,413.97217
2024-07-29,411.26022
2024-07-30,408.60544
2024-07-31,406.1386
2024-08-01,403.8928
2024-08-02,401.8726
2024-08-05,399.9439
2024-08-06,397.789
2024-08-07,395.30685
2024-08-08,392.56223
2024-08-09,389.79767
2024-08-12,387.3443
2024-08-13,385.49277
2024-08-14,384.54623
2024-08-15,384.6913
2024-08-16,385.99594
2024-08-19,388.2572
2024-08-20,391.18292
2024-08-21,394.49286
2024-08-22,397.8631
2024-08-23,400.82666
2024-08-26,403.058
2024-08-27,404.35666
2024-08-28,404.70248
2024-08-29,404.15887
2024-08-30,402.94943
2024-09-03,401.415
2024-09-04,399.73013
2024-09-05,398.00085
2024-09-06,396.31363
2024-09-09,394.6271
2024-09-10,392.99023
2024-09-11,391.65274
2024-09-12,391.0047
2024-09-13,391.357
2024-09-16,392.8346
2024-09-17,395.34482
2024-09-18,398.6464
2024-09-19,402.29068
2024-09-20,405.97122
2024-09-23,409.37247
2024-09-24,412.20776
2024-09-25,414.21863
2024-09-26,415.3494
2024-09-27,415.66873
2024-09-30,415.26453
2024-10-01,414.3218
2024-10-02,412.8846
2024-10-03,410.95584
2024-10-04,408.622
2024-10-07,406.04132
2024-10-08,403.29538
2024-10-09,400.58554
2024-10-10,398.18692
2024-10-11,396.29254
2024-10-14,395.00623
2024-10-15,394.39438
2024-10-16,394.4259
2024-10-17,394.93536
2024-10-18,395.7324
2024-10-21,396.6718
2024-10-22,397.65118
2024-10-23,398.76422
2024-10-24,400.0192
2024-10-25,401.35397
2024-10-28,402.73795
2024-10-29,404.09113
2024-10-30,405.42297
2024-10-31,406.74496
2024-11-01,407.52512
2024-11-04,407.41364
2024-11-05,406.3054
2024-11-06,404.39563
2024-11-07,402.1444
2024-11-08,400.1107
2024-11-11,398.65335
2024-11-12,397.8322
2024-11-13,397.65234
2024-11-14,398.0826
2024-11-15,399.0602
2024-11-18,400.21106
2024-11-19,401.1885
2024-11-20,401.8231
2024-11-21,402.03214
2024-11-22,401.79373
2024-11-25,401.2435
2024-11-26,400.58356
2024-11-27,400.16086
2024-11-29,400.12784
2024-12-02,400.50052
2024-12-03,401.34198
2024-12-04,402.63763
2024-12-05,404.39758
2024-12-06,406.64172
2024-12-09,409.28488
2024-12-10,412.1779
2024-12-11,415.05408
2024-12-12,417.7568
2024-12-13,420.17816
2024-12-16,422.18607
2024-12-17,423.76706
2024-12-18,425.00253
2024-12-19,425.65378
2024-12-20,425.5257
2024-12-23,424.5921
2024-12-24,422.9584
2024-12-26,420.90826
2024-12-27,418.7385
2024-12-30,416.5612
2024-12-31,414.3471
2025-01-02,412.0334
2025-01-03,409.59772
2025-01-06,407.18027
2025-01-07,405.058
2025-01-08,403.3665
2025-01-10,402.1891
2025-01-13,401.43854
2025-01-14,400.95392
2025-01-15,400.5739
2025-01-16,400.39627
2025-01-17,400.50858
2025-01-21,401.0209
2025-01-22,401.94284
2025-01-23,403.53018
